รหัสวิชา,รายชื่อวิชา,ประเภทวิชา,หมวดหมู่,กลุ่มคณะ,หน่วยกิต,ชม.ทฤษฏี,ชม.ปฏิบัติ,ชม.เรียนด้วยตัวเอง,คำอธิบาย,ชื่ออาจารย์ผู้สอน
80103011,ทักษะการเรียนภาษาอังกฤษ (English Study Skills),ภาษาอังกฤษ,ภาษาเพื่ออาชีพ,ทุกคณะ/วิทยาลัย,3,3,0,6,ศึกษากลยุทธ์และวิธีการเรียนภาษาอังกฤษอย่างมีประสิทธิภาพ พัฒนาทักษะการฟัง พูด อ่าน เขียน พร้อมทั้งการเรียนรู้ด้วยตนเองและการประเมินผลการเรียนรู้ของตนเอง,ผศ.ดร. วริศ สุทธากร
80103018,ภาษาอังกฤษเพื่อการทำงาน (English for Work),ภาษาอังกฤษ,ภาษาเพื่ออาชีพ,ทุกคณะ/วิทยาลัย,3,3,0,6,มุ่งเน้นการใช้ภาษาอังกฤษเพื่อการทำงานจริง ครอบคลุมการเขียนอีเมล จดหมายธุรกิจ การสื่อสารทางการประชุม และการนำเสนอ เพื่อเตรียมความพร้อมสู่โลกอาชีพ,ศ.ดร. รัตติยา รัตนพฤกษ์
80103019,ภาษาอังกฤษสำหรับนักวิทยาศาสตร์ (English for Scientists),ภาษาอังกฤษ,ภาษาเพื่ออาชีพ,ทุกคณะ/วิทยาลัย,3,3,0,6,เน้นการใช้ภาษาอังกฤษสำหรับนักวิทยาศาสตร์ ฝึกอ่านบทความวิชาการ การเขียนรายงานวิจัย และการนำเสนอผลงานทางวิทยาศาสตร์,ผศ. อัญชัน สุทธากร
80103020,ภาษาอังกฤษเพื่อการจัดการอุตสาหกรรม (English for Industrial Management),ภาษาอังกฤษ,ภาษาเพื่ออาชีพ,ทุกคณะ/วิทยาลัย,3,3,0,6,ศึกษาโครงสร้างภาษาอังกฤษที่ใช้ในการจัดการอุตสาหกรรม เช่น การบริหารการผลิต โลจิสติกส์ และคุณภาพ เพื่อการสื่อสารและจัดทำรายงานในระดับสากล,อาจารย์ ปฐมพงษ์ มงคลสิทธิ์
80103021,ภาษาอังกฤษเพื่ออุตสาหกรรมการบริการ (English for Service Industry),ภาษาอังกฤษ,ภาษาเพื่ออาชีพ,ทุกคณะ/วิทยาลัย,3,3,0,6,เรียนรู้ภาษาอังกฤษที่ใช้ในธุรกิจบริการ เช่น โรงแรม การท่องเที่ยว และงานบริการอื่น ๆ ฝึกทักษะการพูดและการเขียนในสถานการณ์จริง,รศ.ดร. กิตติภูมิ วงศ์นที
80103022,การเขียนเพื่ออุตสาหกรรมการบริการ (Writing for Service Industry),ภาษาอังกฤษ,การเขียน,ทุกคณะ/วิทยาลัย,3,3,0,6,ฝึกฝนการเขียนภาษาอังกฤษเพื่อการสื่อสารในงานบริการ เช่น อีเมลธุรกิจ รายงานการบริการ และข้อความประชาสัมพันธ์,อาจารย์ อัญญารัตน์ บุญมาก
80103023,ภาษาอังกฤษสำหรับวิศวกร (English for Engineers),ภาษาอังกฤษ,ภาษาเพื่ออาชีพ,ทุกคณะ/วิทยาลัย,3,3,0,6,เน้นภาษาอังกฤษเพื่อการเรียนและทำงานทางวิศวกรรม ฝึกอ่านคู่มือทางเทคนิค เขียนรายงานวิศวกรรม และการนำเสนอผลงาน,อาจารย์ อรอนงค์ สุนทรวัฒน์
80103028,การอ่านเพื่ออุตสาหกรรมการบริการ (Reading for Service Industry),ภาษาอังกฤษ,การอ่าน,ทุกคณะ/วิทยาลัย,3,3,0,6,พัฒนาทักษะการอ่านภาษาอังกฤษที่เกี่ยวข้องกับงานบริการ เช่น เอกสารการท่องเที่ยว คู่มือบริการลูกค้า และบทความธุรกิจ,รศ. กัญญา วรวุฒิ
80103029,ภาษาอังกฤษสำหรับการท่องเที่ยวและการโรงแรม (English for Tourism and Hotel),ภาษาอังกฤษ,ภาษาเพื่ออาชีพ,ทุกคณะ/วิทยาลัย,3,3,0,6,ศึกษาการใช้ภาษาอังกฤษเพื่อการสื่อสารด้านการท่องเที่ยวและการโรงแรม เน้นบทสนทนา การเขียนเอกสาร และการแก้ปัญหาเฉพาะหน้า,รศ. ศุภกร มงคลกิจ
80103030,การอ่านเชิงวิชาการ (Academic Reading),ภาษาอังกฤษ,การอ่าน,ทุกคณะ/วิทยาลัย,3,3,0,6,พัฒนาทักษะการอ่านเชิงวิชาการ วิเคราะห์โครงสร้างบทความวิจัย และสรุปสาระสำคัญเพื่อการศึกษาและงานวิจัย,ศ.ดร. ปาริณี เศรษฐธรรม
80103031,การอ่านข่าวและเหตุการณ์ปัจจุบัน (News and Current Issues Reading),ภาษาอังกฤษ,การอ่าน,ทุกคณะ/วิทยาลัย,3,3,0,6,ฝึกการอ่านและตีความบทความ ข่าวสาร และเหตุการณ์ปัจจุบันเป็นภาษาอังกฤษ เพื่อพัฒนาความเข้าใจและทักษะการคิดวิเคราะห์,ศ. สุพัตรา เศรษฐธรรม
80103032,การเขียนย่อหน้า (Paragraph Writing),ภาษาอังกฤษ,การเขียน,ทุกคณะ/วิทยาลัย,3,3,0,6,ฝึกการเขียนย่อหน้าอย่างมีโครงสร้าง เน้นการจัดระเบียบความคิด การใช้ไวยากรณ์ที่ถูกต้อง และการเขียนเพื่อการสื่อสารอย่างมีประสิทธิภาพ,รศ. อัมพิกา นิลวรรณ
80103033,การเขียนเชิงธุรกิจ (Business Writing),ภาษาอังกฤษ,การเขียน,ทุกคณะ/วิทยาลัย,3,3,0,6,ศึกษาเทคนิคการเขียนภาษาอังกฤษสำหรับงานธุรกิจ เช่น จดหมายธุรกิจ อีเมล รายงาน และข้อเสนอทางธุรกิจ,รศ. ปาริณี วรวุฒิ
80103034,การสนทนาภาษาอังกฤษ (English Conversation),ภาษาอังกฤษ,การพูด,ทุกคณะ/วิทยาลัย,3,3,0,6,พัฒนาทักษะการสนทนาภาษาอังกฤษในสถานการณ์ต่าง ๆ ทั้งชีวิตประจำวันและวิชาชีพ เน้นความคล่องแคล่วและการใช้ภาษาที่เหมาะสม,รศ.ดร. ธิดารัตน์ โสภณชัย
80103035,ทักษะการนำเสนอ (Oral Presentation),ภาษาอังกฤษ,การพูด,ทุกคณะ/วิทยาลัย,3,3,0,6,ฝึกทักษะการนำเสนอเป็นภาษาอังกฤษอย่างเป็นระบบ เน้นการใช้ภาษาที่ชัดเจน การสื่อสารอย่างมั่นใจ และการใช้สื่อประกอบการนำเสนอ,ผศ. ฐิติพร มงคลสิทธิ์
80103036,ภาษาอังกฤษเพื่อการสื่อสารทางสื่อสังคมออนไลน์ (English for Social Media Communication),ภาษาอังกฤษ,ภาษาเพื่ออาชีพ,ทุกคณะ/วิทยาลัย,3,3,0,6,เรียนรู้การใช้ภาษาอังกฤษสำหรับการสื่อสารบนสื่อสังคมออนไลน์ ครอบคลุมการเขียนโพสต์ การสื่อสารแบบไม่เป็นทางการ และการสร้างภาพลักษณ์เชิงบวก,อาจารย์ วรเมธ จิตตะกุล
80103037,วรรณกรรมกระแสนิยมภาษาอังกฤษ (English Popular Literature),ภาษาอังกฤษ,การอ่าน,ทุกคณะ/วิทยาลัย,3,3,0,6,ศึกษาและวิเคราะห์วรรณกรรมภาษาอังกฤษร่วมสมัย เพื่อเสริมสร้างทักษะการตีความเชิงวิชาการและการวิจารณ์วรรณกรรม,อาจารย์ ดร. ปิยะชาติ จันทรกุล
80103038,ภาษาอังกฤษเพื่อการอ่านไพ่ทาโรต์เพื่อการเยียวยา (English for Healing Tarot Reading),ภาษาอังกฤษ,การอ่าน,ทุกคณะ/วิทยาลัย,3,3,0,6,เน้นการใช้ภาษาอังกฤษสำหรับการอ่านและอธิบายไพ่ทาโรต์ในเชิงการเยียวยา ฝึกทักษะการสื่อสารเชิงลึกและการใช้ภาษาทางจิตวิญญาณ,ผศ. ฐิติพร มงคลสิทธิ์
80103039,ภาษาอังกฤษเพื่อธุรกิจและความเป็นผู้ประกอบการ (English for Business and Entrepreneurship),ภาษาอังกฤษ,ภาษาเพื่ออาชีพ,ทุกคณะ/วิทยาลัย,3,3,0,6,ฝึกใช้ภาษาอังกฤษในด้านธุรกิจและผู้ประกอบการ เช่น การเขียนแผนธุรกิจ การนำเสนอไอเดีย และการเจรจาต่อรอง,ผศ. ปิยะดา สุนทรวัฒน์
80103040,ภาษาอังกฤษเพื่องานศิลปะและการออกแบบ (English for Art and Design),ภาษาอังกฤษ,ภาษาเพื่ออาชีพ,ทุกคณะ/วิทยาลัย,3,3,0,6,พัฒนาทักษะภาษาอังกฤษสำหรับงานศิลปะและการออกแบบ เน้นคำศัพท์เชิงเทคนิค การอธิบายผลงาน และการสื่อสารในงานสร้างสรรค์,อาจารย์ ดร. อัมพิกา พงศ์มณี
80103041,ภาษาอังกฤษเพื่องานทรัพยากรมนุษย์ (English for Human Resources),ภาษาอังกฤษ,ภาษาเพื่ออาชีพ,ทุกคณะ/วิทยาลัย,3,3,0,6,ศึกษาและฝึกใช้ภาษาอังกฤษเพื่อการจัดการทรัพยากรมนุษย์ เช่น การสัมภาษณ์ การสื่อสารภายในองค์กร และเอกสาร HR,รศ.ดร. ศิริชัย รุ่งอรุณ
80103042,การออกเสียงภาษาอังกฤษ (English Pronunciation),ภาษาอังกฤษ,การพูด,ทุกคณะ/วิทยาลัย,3,3,0,6,ฝึกการออกเสียงภาษาอังกฤษอย่างถูกต้อง ชัดเจน และเป็นธรรมชาติ เน้นการลดอิทธิพลของสำเนียงท้องถิ่น,ศ.ดร. พิมพ์ลดา สกุลไทย
80103043,ภาษาอังกฤษเพื่อกิจกรรมสันทนาการ (English for Recreational Activities),ภาษาอังกฤษ,ภาษาเพื่ออาชีพ,ทุกคณะ/วิทยาลัย,3,3,0,6,เรียนรู้การใช้ภาษาอังกฤษสำหรับกิจกรรมสันทนาการ ฝึกการสนทนา การจัดกิจกรรม และการสื่อสารเพื่อการผ่อนคลาย,ผศ.ดร. ฐิติพร พงศ์มณี
80303201,การพูดเพื่อประสิทธิผล (Effective Speech),ภาษาอังกฤษ,การพูด,ทุกคณะ/วิทยาลัย,3,3,0,6,พัฒนาทักษะการพูดภาษาอังกฤษเพื่อการสื่อสารที่มีประสิทธิภาพ เน้นโครงสร้าง คำศัพท์ และการถ่ายทอดอย่างมั่นใจ,ผศ. กิตติเดช จิระพานิช
80103118,ลีลาภาษากับความสุนทรีย์ของชีวิต (Language Style and Aesthetics of Life),ภาษาอังกฤษ,ภาษาเพื่ออาชีพ,เฉพาะวทอ.,3,3,0,6,ศึกษาเรื่องลีลาภาษาและความงามทางวรรณศิลป์ วิเคราะห์การใช้ภาษาในมุมมองวัฒนธรรมและสังคม เพื่อเสริมทักษะการตีความ,ศ. อนุชา รัตนพฤกษ์
80103119,ภูมิปัญญาไทยในภาษา (Thai Wisdom in Language),ภาษาอังกฤษ,ภาษาเพื่ออาชีพ,เฉพาะวทอ.,3,3,0,6,ศึกษาองค์ความรู้และภูมิปัญญาไทยที่สะท้อนผ่านภาษา เน้นการทำความเข้าใจรากเหง้าวัฒนธรรมและการใช้ภาษาเชิงลึก,ผศ.ดร. อัญชัน พานิชกิจ
80133011,ทักษะภาษาอังกฤษเพื่อการนำเสนอ (English Skills for Presentation),ภาษาอังกฤษ,การพูด,เฉพาะนานาชาติ,3,3,0,6,ฝึกทักษะภาษาอังกฤษที่จำเป็นสำหรับการนำเสนอ ทั้งการพูด การใช้ภาษากาย และการจัดโครงสร้างเนื้อหาอย่างมืออาชีพ เพื่อการสื่อสารที่มีประสิทธิภาพในระดับวิชาการและธุรกิจ,อาจารย์ จิราภัทร มณีวงศ์
80133012,ภาษาอังกฤษธุรกิจเพื่อการสื่อสารสำหรับวิศวกร (Business English Communication for Engineers),ภาษาอังกฤษ,ภาษาเพื่ออาชีพ,เฉพาะนานาชาติ,3,3,0,6,ศึกษาและฝึกทักษะการใช้ภาษาอังกฤษเชิงธุรกิจที่เกี่ยวข้องกับงานวิศวกรรม เน้นคำศัพท์เฉพาะทาง การเขียนรายงาน การเจรจา และการนำเสนอ เพื่อเตรียมความพร้อมสำหรับการทำงานในสภาพแวดล้อมสากล,ผศ.ดร. ณัฐพล จันทนกูล
70153103,ทักษะการเขียนภาษาอังกฤษ (English Writing Skills),ภาษาอังกฤษ,การเขียน,เฉพาะนานาชาติ,3,3,0,6,เรียนรู้หลักการเขียนภาษาอังกฤษเชิงวิชาการและเชิงสื่อสาร ฝึกการเขียนประโยค ย่อหน้า และบทความที่ถูกต้องตามหลักไวยากรณ์และมีประสิทธิภาพ,ศ. ศุภวัฒน์ ศรีมงคล
70153104,ทักษะภาษาอังกฤษสำหรับผู้ประกอบการ (English Skills for Entrepreneur),ภาษาอังกฤษ,ภาษาเพื่ออาชีพ,เฉพาะนานาชาติ,3,3,0,6,ฝึกทักษะภาษาอังกฤษที่จำเป็นสำหรับผู้ประกอบการ เช่น การเขียนแผนธุรกิจ การนำเสนอแนวคิด การสื่อสารกับนักลงทุนและลูกค้า เพื่อเสริมสร้างขีดความสามารถในการแข่งขันทางธุรกิจ,ผศ. ศุภวัฒน์ มณีศักดิ์
150013105,การเขียนเพื่อสื่อสารทางธุรกิจ (Writing for Business Communication),ภาษาอังกฤษ,การเขียน,เฉพาะนานาชาติ,3,3,0,6,ศึกษาและฝึกการเขียนเอกสารทางธุรกิจ เช่น อีเมล จดหมาย บันทึกข้อความ และรายงาน เพื่อการสื่อสารอย่างมีประสิทธิภาพและเป็นทางการ,อาจารย์ วรเทพ ทองมี
150013106,การรายงานและการนำเสนอทางธุรกิจ (Business Report Writing and Presentation),ภาษาอังกฤษ,การเขียน,เฉพาะนานาชาติ,3,3,0,6,เรียนรู้การเขียนรายงานธุรกิจอย่างเป็นระบบ และการนำเสนอข้อมูลเชิงธุรกิจต่อผู้บริหารและผู้มีส่วนได้ส่วนเสีย โดยเน้นความชัดเจนและความน่าเชื่อถือ,รศ. อัมพิกา นิลวรรณ
40203100,คณิตศาสตร์ทั่วไป (General Mathematics),คณิตศาสตร์,ประยุกต์/เทคโนโลยี,ทุกคณะ/วิทยาลัย,3,3,0,6,เรียนรู้พื้นฐานทางคณิตศาสตร์ที่ใช้ในชีวิตประจำวัน เช่น การคำนวณ การแก้สมการ และการใช้เหตุผลเชิงตรรกะ,ผศ. ธิดาวรรณ กาญจนรักษ์
40203103,วิทยาการข้อมูลสำหรับชีวิตประจำวัน (Data Science for Daily Life),คณิตศาสตร์,ประยุกต์/เทคโนโลยี,ทุกคณะ/วิทยาลัย,3,3,0,6,ศึกษาแนวคิดพื้นฐานด้านวิทยาการข้อมูล การวิเคราะห์ข้อมูล และการประยุกต์ใช้ในชีวิตประจำวัน,อาจารย์ ดร. วินัย ภักดีวัฒน์
40503001,สถิติในชีวิตประจำวัน (Statistics in Everyday Life),คณิตศาสตร์,สถิติ/วิจัย,ทุกคณะ/วิทยาลัย,3,3,0,6,ฝึกการใช้สถิติในชีวิตประจำวัน เช่น การวิเคราะห์ข้อมูล การตีความ และการตัดสินใจจากข้อมูลเชิงปริมาณ,ผศ. จุฑารัตน์ เจริญกุล
40503080,หลักสถิติ (Fundamentals of Statistics),คณิตศาสตร์,สถิติ/วิจัย,ทุกคณะ/วิทยาลัย,3,3,0,6,ศึกษาแนวคิดพื้นฐานทางสถิติ การวิเคราะห์ข้อมูล และการประยุกต์ใช้ในงานวิจัยและวิชาชีพ,ศ. คเชนทร์ วัฒนบวร
150013140,คณิตศาสตร์ทั่วไป (General Mathematics),คณิตศาสตร์,ประยุกต์/เทคโนโลยี,เฉพาะนานาชาติ,3,3,0,6,ศึกษาแนวคิดพื้นฐานทางคณิตศาสตร์ที่จำเป็นต่อการเรียนและการดำรงชีวิต เช่น พีชคณิต เรขาคณิต และสถิติ,ศ. กัญญาณัฐ พงศ์วัฒน์
130013003,โปรแกรมสำเร็จรูปทางคณิตศาสตร์ (Mathematical Software),คณิตศาสตร์,ประยุกต์/เทคโนโลยี,ทุกคณะ/วิทยาลัย,3,3,0,6,"เรียนรู้การใช้โปรแกรมสำเร็จรูปทางคณิตศาสตร์ เช่น MATLAB, SPSS หรือ Mathematica เพื่อการแก้ปัญหาและการวิจัย",รศ.ดร. อาภรณ์ ทองอยู่
130013005,สถิติเบื้องต้นสำหรับการวิจัย (Basic Statistics for Research),คณิตศาสตร์,สถิติ/วิจัย,ทุกคณะ/วิทยาลัย,3,3,0,6,ศึกษาหลักการทางสถิติที่ใช้ในการวิจัย เช่น การเก็บข้อมูล การแจกแจง ความน่าจะเป็น และการวิเคราะห์ข้อมูลเบื้องต้น,อาจารย์ ดร. มาริสา ศรีมงคล
40113005,เคมีในชีวิตประจำวัน (Chemistry in Everyday Life),วิทยาศาสตร์,วิทย์พื้นฐาน,ทุกคณะ/วิทยาลัย,3,3,0,6,ศึกษาแนวคิดทางเคมีที่เกี่ยวข้องกับชีวิตประจำวัน เช่น สารเคมีในครัวเรือน อาหาร และสิ่งแวดล้อม,อาจารย์ ดร. พิมพ์อร พัฒนเดช
40313016,ฟิสิกส์ในชีวิตประจำวัน (Physics in Daily Life),คณิตศาสตร์,ประยุกต์/เทคโนโลยี,ทุกคณะ/วิทยาลัย,3,3,0,6,ศึกษาโครงสร้างและการทำงานของร่างกายมนุษย์ รวมทั้งการดูแลสุขภาพเพื่อการดำรงชีวิตที่ยั่งยืน,อาจารย์ ดร. ศราวุธ จิรสมบัติ
40313018,ร่างกายมนุษย์และสุขภาพ (Human Body and Health),วิทยาศาสตร์,วิทย์สุขภาพ,ทุกคณะ/วิทยาลัย,3,3,0,6,ศึกษาโครงสร้างและการทำงานของร่างกายมนุษย์ รวมทั้งการดูแลสุขภาพเพื่อการดำรงชีวิตที่ยั่งยืน,อาจารย์ ดร. ศราวุธ จิรสมบัติ
40313019,สุขศาสตร์อุตสาหกรรม (Industrial Hygiene),วิทยาศาสตร์,วิทย์สุขภาพ,ทุกคณะ/วิทยาลัย,3,3,0,6,เรียนรู้หลักการด้านสุขศาสตร์อุตสาหกรรม เพื่อการจัดการสิ่งแวดล้อมการทำงานและความปลอดภัยของแรงงาน,ผศ. พงษ์พันธุ์ ธนกาญจน์
40413001,ชีววิทยาในชีวิตประจำวัน (Biology in Daily Life),วิทยาศาสตร์,วิทย์พื้นฐาน,ทุกคณะ/วิทยาลัย,3,3,0,6,เรียนรู้หลักชีววิทยาที่เกี่ยวข้องกับชีวิตประจำวัน เช่น สุขภาพ สิ่งแวดล้อม และอาหาร,Asst. Prof. Dr. Daniel Phasuk
40423001,สิ่งแวดล้อมและพลังงาน (Environment and Energy),วิทยาศาสตร์,สิ่งแวดล้อม/พลังงาน,ทุกคณะ/วิทยาลัย,3,3,0,6,ศึกษาแนวคิดด้านสิ่งแวดล้อมและพลังงาน เพื่อการจัดการทรัพยากรและการใช้พลังงานอย่างยั่งยืน,Assoc. Prof. Dr. Emily Ratanachai
40423002,การจัดการสิ่งแวดล้อมเบื้องต้น (Introduction to Environmental Management),วิทยาศาสตร์,สิ่งแวดล้อม/พลังงาน,ทุกคณะ/วิทยาลัย,3,3,0,6,เรียนรู้หลักการจัดการสิ่งแวดล้อมเบื้องต้น เพื่อป้องกันและแก้ไขปัญหาสิ่งแวดล้อมในสังคม,Asst. Prof. Dr. Jonathan Meesiri
40433001,"อาหาร สุขภาพและคุณภาพชีวิต (Food, Health and Quality of Life)",วิทยาศาสตร์,วิทย์สุขภาพ,ทุกคณะ/วิทยาลัย,3,3,0,6,ศึกษาโภชนาการและความสัมพันธ์ระหว่างอาหาร สุขภาพ และคุณภาพชีวิต เพื่อการดำรงชีวิตที่ดี,รศ.ดร. ณัฐวุฒิ ศุภกิจ
40433002,อาหารในชีวิตประจำวัน (Food in Daily Life),วิทยาศาสตร์,วิทย์สุขภาพ,ทุกคณะ/วิทยาลัย,3,3,0,6,เรียนรู้หลักโภชนาการและการเลือกบริโภคอาหารที่เหมาะสมต่อสุขภาพในชีวิตประจำวัน,ศ.ดร. สมบัติ ศรีสมบัติ
40713001,มนุษย์กับวิทยาศาสตร์กายภาพชีวภาพ (Man Physical Science and Biological Science),วิทยาศาสตร์,วิทย์พื้นฐาน,ทุกคณะ/วิทยาลัย,3,3,0,6,ศึกษาแนวคิดทางวิทยาศาสตร์กายภาพและชีวภาพ เพื่อทำความเข้าใจร่างกายมนุษย์และสิ่งแวดล้อม,รศ.ดร. ภูมิรัตน์ จิรเดช
40713002,วิทยาศาสตร์สุขภาพและโภชนาการ (Healthy Science and Nutrition),วิทยาศาสตร์,วิทย์สุขภาพ,ทุกคณะ/วิทยาลัย,3,3,0,6,เรียนรู้วิทยาศาสตร์สุขภาพและโภชนาการ เพื่อการป้องกันโรคและการสร้างเสริมสุขภาพ,รศ.ดร. ศุภวัฒน์ อินทรากูล
40713003,เทคโนโลยีชีวภาพในชีวิตประจำวัน (Biotechnology for Daily Life),วิทยาศาสตร์,วิทย์เทคโนโลยี,ทุกคณะ/วิทยาลัย,3,3,0,6,ศึกษาการประยุกต์ใช้เทคโนโลยีชีวภาพในชีวิตประจำวัน เพื่อการพัฒนาคุณภาพชีวิตและสังคม,ศ.ดร. อรพรรณ วัฒนะกุล
40703005,สมุนไพรเพื่อสุขภาพ (Herbs for Health),วิทยาศาสตร์,วิทย์สุขภาพ,ทุกคณะ/วิทยาลัย,3,3,0,6,ศึกษาและเรียนรู้สมุนไพรที่ใช้เพื่อการดูแลสุขภาพและการประยุกต์ใช้ในชีวิตประจำวัน,อาจารย์ ดร. กิตติทัต เกษมศักดิ์
40713006,เครื่องสำอางจากธรรมชาติเพื่อสุขภาพ (Natural Medicine for Health),วิทยาศาสตร์,วิทย์สุขภาพ,ทุกคณะ/วิทยาลัย,3,3,0,6,เรียนรู้การใช้ผลิตภัณฑ์จากธรรมชาติเพื่อการส่งเสริมสุขภาพและการป้องกันโรค,ผศ.ดร. ณัฐวุฒิ มงคลสุข
40713007,ยาจากธรรมชาติเพื่อสุขภาพ (Natural Medicine for Health),วิทยาศาสตร์,วิทย์สุขภาพ,ทุกคณะ/วิทยาลัย,3,3,0,6,ศึกษาการใช้ยาจากธรรมชาติเพื่อการดูแลสุขภาพและการป้องกันโรค,ศ. อรพิน จิรเดช
40713008,ชีวิตกับเทคโนโลยีชีวภาพสมัยใหม่ (Life and Modern Biotechnology),วิทยาศาสตร์,วิทย์เทคโนโลยี,ทุกคณะ/วิทยาลัย,3,3,0,6,ศึกษาเทคโนโลยีชีวภาพสมัยใหม่และผลกระทบต่อชีวิต เศรษฐกิจ และสิ่งแวดล้อม,ศ.ดร. ศรายุทธ มงคลสุข
40713009,ระบบนิเวศและสุขภาพ (Ecosystem and Health),วิทยาศาสตร์,สิ่งแวดล้อม/พลังงาน,ทุกคณะ/วิทยาลัย,3,3,0,6,เรียนรู้ความสัมพันธ์ระหว่างระบบนิเวศและสุขภาพ เพื่อการจัดการสิ่งแวดล้อมที่ยั่งยืน,อาจารย์ ปรียาภรณ์ อินทรากูล
50113401,สิ่งแวดล้อมเพื่อชีวิต (Environment for Life),วิทยาศาสตร์,สิ่งแวดล้อม/พลังงาน,ทุกคณะ/วิทยาลัย,3,3,0,6,ศึกษาแนวคิดด้านสิ่งแวดล้อมเพื่อชีวิตและการดำรงอยู่ร่วมกันอย่างสมดุลในธรรมชาติ,ศ. สุรเดช ศรีไพบูลย์
50113402,อาหารเพื่อมนุษยชาติ (Food for Humanity),วิทยาศาสตร์,วิทย์สุขภาพ,ทุกคณะ/วิทยาลัย,3,3,0,6,เรียนรู้การจัดการอาหารเพื่อรองรับความต้องการของมนุษยชาติและการพัฒนาที่ยั่งยืน,รศ. ชลธิชา เจริญศรี
50113404,เครื่องดื่มเพื่อสังคม (Beverages for Society),วิทยาศาสตร์,วิทย์สุขภาพ,ทุกคณะ/วิทยาลัย,3,3,0,6,ศึกษาแนวคิดและการผลิตเครื่องดื่มเพื่อสุขภาพและสังคม,ผศ.ดร. มธุรส รัตนกาญจน์
130013002,"มนุษย์ ระบบนิเวศ และธรรมชาติ (Human, Ecosystem and Nature)",วิทยาศาสตร์,สิ่งแวดล้อม/พลังงาน,ทุกคณะ/วิทยาลัย,3,3,0,6,ทำความเข้าใจความสัมพันธ์ระหว่างมนุษย์ ระบบนิเวศ และธรรมชาติ เน้นการใช้ทรัพยากรอย่างยั่งยืนและการแก้ปัญหาสิ่งแวดล้อม,รศ. นฤมล วัฒนพงศ์
130013006,วิทยาศาสตร์และเทคโนโลยีบูรณาการ (Integrated Science and Technology),วิทยาศาสตร์,วิทย์พื้นฐาน,ทุกคณะ/วิทยาลัย,3,3,0,6,ศึกษาแนวคิดการบูรณาการวิทยาศาสตร์และเทคโนโลยีจากหลายสาขา เพื่อการแก้ปัญหาและการพัฒนานวัตกรรม,อาจารย์ พนมกร ภักดีชัย
130013008,วิทยาศาสตร์ของเสียงและดนตรี (Science of Sound and Music),วิทยาศาสตร์,วิทย์พื้นฐาน,ทุกคณะ/วิทยาลัย,3,3,0,6,ศึกษาหลักการทางวิทยาศาสตร์ของเสียงและดนตรี เช่น คลื่นเสียง ความถี่ และการประยุกต์ใช้ในดนตรีและวิศวกรรมเสียง,ผศ. อัญญารัตน์ พานิชวัฒน์
130013010,สารพิษในชีวิตประจำวัน (Toxic Substance in Daily Life),วิทยาศาสตร์,วิทย์สุขภาพ,ทุกคณะ/วิทยาลัย,3,3,0,6,เรียนรู้เกี่ยวกับสารพิษที่พบในชีวิตประจำวัน แหล่งที่มา ผลกระทบต่อสุขภาพ และวิธีการป้องกันและจัดการ,รศ. ชลธิชา เจริญสุข
130013011,วิทยาศาสตร์เพื่อสุขภาพและความงาม (Science for Health and Beauty),วิทยาศาสตร์,วิทย์สุขภาพ,ทุกคณะ/วิทยาลัย,3,3,0,6,ศึกษาหลักการทางวิทยาศาสตร์ที่เกี่ยวข้องกับสุขภาพและความงาม เช่น โภชนาการ การดูแลผิวพรรณ และผลิตภัณฑ์สุขภาพ,ผศ. ปริญญา เกษมรัตน์
80203901,มนุษย์กับสังคม (Man and Society),สังคมศาสตร์,สังคมวัฒนธรรม,ทุกคณะ/วิทยาลัย,3,3,0,6,ศึกษาเกี่ยวกับความสัมพันธ์ระหว่างมนุษย์กับสังคม บทบาท หน้าที่ และการอยู่ร่วมกันอย่างเข้าใจและเคารพกัน,ผศ. ธีรพล โชติธรรม
80203902,มรดกและอารยธรรมของชาติ (National Heritage and Civilization),สังคมศาสตร์,สังคมวัฒนธรรม,ทุกคณะ/วิทยาลัย,3,3,0,6,เรียนรู้ประวัติศาสตร์ มรดกทางวัฒนธรรม และอารยธรรมที่เป็นรากฐานของชาติ,ผศ. รัตติยา เจนกิจ
80203903,"มิติทางสังคม เศรษฐกิจ และการเมือง (Social, Economic and Political Dimensions)",สังคมศาสตร์,สังคมวัฒนธรรม,ทุกคณะ/วิทยาลัย,3,3,0,6,ทำความเข้าใจโครงสร้างและความเชื่อมโยงของสังคม เศรษฐกิจ และการเมืองที่ส่งผลต่อชีวิตประจำวัน,ศ.ดร. อรอนงค์ โสภณชัย
80203904,กฎหมายในชีวิตประจำวัน (Law for Everyday Life),สังคมศาสตร์,สังคมวัฒนธรรม,ทุกคณะ/วิทยาลัย,3,3,0,6,เรียนรู้กฎหมายพื้นฐานที่เกี่ยวข้องกับชีวิตประจำวัน เช่น สัญญา ทรัพย์สิน และสิทธิของประชาชน,รศ. กิตติเดช สุทธิวัฒน์
80203905,เศรษฐศาสตร์ในชีวิตประจำวัน (Economics for Everyday Life),สังคมศาสตร์,เศรษฐศาสตร์/ธุรกิจ,ทุกคณะ/วิทยาลัย,3,3,0,6,ทำความเข้าใจหลักเศรษฐศาสตร์พื้นฐานและการนำไปใช้ในการบริหารเงินและตัดสินใจทางเศรษฐกิจ,รศ.ดร. วรเมธ อุดมทรัพย์
80203906,เศรษฐศาสตร์เพื่อการพัฒนาชีวิต (Economics for Life Development),สังคมศาสตร์,เศรษฐศาสตร์/ธุรกิจ,ทุกคณะ/วิทยาลัย,3,3,0,6,ประยุกต์แนวคิดเศรษฐศาสตร์เพื่อพัฒนาคุณภาพชีวิตและสร้างความมั่นคงทางเศรษฐกิจส่วนบุคคล,ผศ. ปิยะดา มงคลกิจ
80203907,ธุรกิจในชีวิตประจำวัน (Business for Everyday Life),สังคมศาสตร์,เศรษฐศาสตร์/ธุรกิจ,ทุกคณะ/วิทยาลัย,3,3,0,6,เข้าใจแนวคิดธุรกิจและการบริหารที่เกี่ยวข้องกับชีวิตจริง เช่น การขาย การตลาด และการสร้างรายได้,อาจารย์ ดร. ณัฐวดี จันทรกุล
80203909,"เศรษฐกิจ การเมือง และสังคมวัฒนธรรมของประเทศกลุ่มประชาคมอาเซียน (Economic, Political and Socio-Cultural Aspects of ASEAD Counties)",สังคมศาสตร์,สังคมวัฒนธรรม,ทุกคณะ/วิทยาลัย,3,3,0,6,ศึกษาความสัมพันธ์ระหว่างประเทศในอาเซียน ทั้งด้านเศรษฐกิจ การเมือง และวัฒนธรรม,อาจารย์ ดร. ปฐมพงษ์ รุ่งอรุณ
80203910,การต่อต้านการทุจริต (Anti-Corruption),สังคมศาสตร์,สังคมวัฒนธรรม,ทุกคณะ/วิทยาลัย,3,3,0,6,เรียนรู้แนวทางป้องกันและต่อต้านการทุจริต เพื่อเสริมสร้างความโปร่งใสและจริยธรรมในสังคม,รศ. วารุณี ปิ่นแก้ว
80203911,นวัตกรรมและการพัฒนาเศรษฐกิจ (Innovation and Economic Development),สังคมศาสตร์,เศรษฐศาสตร์/ธุรกิจ,ทุกคณะ/วิทยาลัย,3,3,0,6,สำรวจบทบาทของนวัตกรรมต่อการขับเคลื่อนเศรษฐกิจและการพัฒนาอย่างยั่งยืน,ผศ.ดร. อัมพิกา สุทธิวัฒน์
80203912,เศรษฐศาสตร์ธุรกิจและการจัดการ (Business and Managerial Economics),สังคมศาสตร์,เศรษฐศาสตร์/ธุรกิจ,ทุกคณะ/วิทยาลัย,3,3,0,6,ประยุกต์หลักเศรษฐศาสตร์เพื่อการตัดสินใจและบริหารจัดการในองค์กรธุรกิจ,ผศ. จิรายุ บุญเพ็ง
80203918,การประเมินความคุ้มค่าโครงการ (Project Evaluation),สังคมศาสตร์,เศรษฐศาสตร์/ธุรกิจ,ทุกคณะ/วิทยาลัย,3,3,0,6,ศึกษาวิธีการวิเคราะห์และประเมินความคุ้มค่าทางเศรษฐกิจของโครงการต่างๆ,Asst. Prof. Dr. Kevin Rattanapong
80203920,การจัดการระดับโลก (Global Management),สังคมศาสตร์,เศรษฐศาสตร์/ธุรกิจ,ทุกคณะ/วิทยาลัย,3,3,0,6,เข้าใจแนวคิดการบริหารในระดับสากลและการจัดการองค์กรในโลกที่เชื่อมต่อกัน,Assoc. Prof. Dr. Olivia Thanawan
802039023,การออกแบบประสบการณ์ผู้บริโภค (Consumer Experience Design),สังคมศาสตร์,เศรษฐศาสตร์/ธุรกิจ,ทุกคณะ/วิทยาลัย,3,3,0,6,เรียนรู้การออกแบบสินค้าและบริการให้ตอบโจทย์ความต้องการและความรู้สึกของผู้บริโภค,อาจารย์ อุไรวรรณ โชติธรรม
50213201,บทบาทของผู้บริโภคในงานพัฒนาผลิตภัณฑ์ (Consumers Roles in Product Development),สังคมศาสตร์,เศรษฐศาสตร์/ธุรกิจ,ทุกคณะ/วิทยาลัย,3,3,0,6,ศึกษาอิทธิพลของผู้บริโภคต่อกระบวนการพัฒนาและปรับปรุงผลิตภัณฑ์,ผศ. มณีรัตน์ บุญญาภิรมย์
170313002,การบริการที่เป็นเลิศ (Service Excellence),สังคมศาสตร์,เศรษฐศาสตร์/ธุรกิจ,ทุกคณะ/วิทยาลัย,3,2,2,5,เรียนรู้หลักการสร้างความพึงพอใจและประสบการณ์ที่ดีให้กับลูกค้า,ผศ. กนกพร รัตนโสภณ
80303608,ความเป็นพลเมืองกับความรับผิดชอบต่อสังคม (Citizenship and Social Responsibility),สังคมศาสตร์,สังคมวัฒนธรรม,ทุกคณะ/วิทยาลัย,3,3,0,6,ส่งเสริมจิตสำนึกความรับผิดชอบต่อสังคมและการมีส่วนร่วมในฐานะพลเมืองที่ดี,อาจารย์ ดร. ปิยวัฒน์ สุทธิสกุล
80203916,การคิดเชิงระบบสำหรับการจัดการและการแก้ปัญหา (Systems Thinking for Management and Problem Solving),สังคมศาสตร์,เศรษฐศาสตร์/ธุรกิจ,ทุกคณะ/วิทยาลัย,3,3,0,6,ฝึกคิดวิเคราะห์อย่างเป็นระบบเพื่อแก้ปัญหาและพัฒนากระบวนการบริหารจัดการ,รศ.ดร. กวินทร์ เจนกิจ
80203916,เศรษฐกิจสีเขียว (Green Economy),สังคมศาสตร์,เศรษฐศาสตร์/ธุรกิจ,ทุกคณะ/วิทยาลัย,3,3,0,6,ทำความเข้าใจเศรษฐกิจที่คำนึงถึงสิ่งแวดล้อมและความยั่งยืน,อาจารย์ ดร. พงษ์ศิริ วรรณพงศ์
80203917,วางแผนการเงินและการลงทุนสำหรับเศรษฐกิจดิจิทัล (Financial Planning and Investment in Digital Economy),สังคมศาสตร์,เศรษฐศาสตร์/ธุรกิจ,ทุกคณะ/วิทยาลัย,3,3,0,6,เรียนรู้การบริหารเงินและการลงทุนในยุคเศรษฐกิจดิจิทัล,รศ. กวินทร์ มณีโชติ
80203919,ทฤษฎีเกม (Game Theory),สังคมศาสตร์,เศรษฐศาสตร์/ธุรกิจ,ทุกคณะ/วิทยาลัย,3,3,0,6,ศึกษาการตัดสินใจเชิงกลยุทธ์ในสถานการณ์แข่งขันและร่วมมือ,ผศ.ดร. อัญมณี สุทธิกุล
80203921,การบริหารการเงินส่วนบุคคลยุคใหม่ (Modern Personal Financial Management),สังคมศาสตร์,เศรษฐศาสตร์/ธุรกิจ,ทุกคณะ/วิทยาลัย,3,3,0,6,พัฒนาแนวทางจัดการเงินส่วนบุคคลให้เหมาะสมกับชีวิตยุคใหม่,ศ.ดร. ชัชวาล กาญจนรักษ์
80303801,สายพันธุ์นวัตกร (Innovator's DNA),สังคมศาสตร์,เศรษฐศาสตร์/ธุรกิจ,ทุกคณะ/วิทยาลัย,3,3,0,6,เรียนรู้คุณลักษณะและแนวคิดของผู้สร้างนวัตกรรม เพื่อพัฒนาทักษะการคิดสร้างสรรค์,อาจารย์ ดร. ปรียาภรณ์ ภักดีวงศ์
80303804,การทำงานในสังคมพหุวัฒนธรรม (Working in Multicultural Environment),สังคมศาสตร์,สังคมวัฒนธรรม,ทุกคณะ/วิทยาลัย,3,3,0,6,ทำความเข้าใจและปรับตัวในการทำงานร่วมกับผู้คนจากหลากหลายวัฒนธรรม,อาจารย์ ดร. ชนิกานต์ ศรีสวัสดิ์
80203915,เศรษฐกิจพอเพียงกับการพัฒนาที่ยั่งยืน (Sufficiency Economy and Sustainable Development),สังคมศาสตร์,เศรษฐศาสตร์/ธุรกิจ,ทุกคณะ/วิทยาลัย,3,3,0,6,ศึกษาแนวคิดเศรษฐกิจพอเพียงและการประยุกต์ใช้เพื่อความยั่งยืนในชีวิตและสังคม,ผศ.ดร. กิตติภพ เจริญกุล
80203922,กฎหมายสิ่งแวดล้อมกับการจัดการสิ่งแวดล้อมอุตสาหกรรม (Environmental Laws and Industrial Environmental Management),สังคมศาสตร์,เศรษฐศาสตร์/ธุรกิจ,ทุกคณะ/วิทยาลัย,3,3,0,6,เรียนรู้กฎหมายและแนวทางจัดการสิ่งแวดล้อมในภาคอุตสาหกรรมอย่างยั่งยืน,รศ. ธนโชติ พัฒนเดช
80203924,การจัดการทุนมนุษย์ในองค์การสู่การพัฒนาอย่างยั่งยืน (Human Capital Management for Sustainable Development),สังคมศาสตร์,เศรษฐศาสตร์/ธุรกิจ,ทุกคณะ/วิทยาลัย,3,3,0,6,ศึกษาการพัฒนาและบริหารทรัพยากรมนุษย์เพื่อความยั่งยืนขององค์กร,อาจารย์ วรรณิศา กาญจนรักษ์
130013012,สถานการณ์สิ่งแวดล้อมในปัจจุบัน (Current Environmental Issues),สังคมศาสตร์,เศรษฐศาสตร์/ธุรกิจ,ทุกคณะ/วิทยาลัย,3,3,0,6,สำรวจปัญหาและแนวทางแก้ไขสถานการณ์สิ่งแวดล้อมในระดับโลกและท้องถิ่น,อาจารย์ ดร. กมลชนก ศรีสุนทร
80303611,การเรียนรู้ผ่านกิจกรรมนักศึกษา (Learning through Student Activities),สังคมศาสตร์,สังคมวัฒนธรรม,ทุกคณะ/วิทยาลัย,3,3,0,6,ส่งเสริมการเรียนรู้จากประสบการณ์จริงผ่านกิจกรรมนักศึกษาและงานจิตอาสา,รศ.ดร. เบญจวรรณ อินทรรักษ์
70153810,กฎหมายในเศรษฐกิจดิจิทัล (Laws in Digital Economy),สังคมศาสตร์,เศรษฐศาสตร์/ธุรกิจ,เฉพาะนานาชาติ,3,3,0,6,เรียนรู้กฎหมายที่เกี่ยวข้องกับเทคโนโลยีดิจิทัล เช่น ความเป็นส่วนตัวและธุรกรรมออนไลน์,ศ. จิราภัทร วัฒนะกุล
150013126,ผู้ประกอบการนวัตกรรม (Inovative Technopreneurs),สังคมศาสตร์,เศรษฐศาสตร์/ธุรกิจ,เฉพาะนานาชาติ,3,3,0,6,ศึกษาแนวทางการสร้างธุรกิจโดยใช้เทคโนโลยีและนวัตกรรมเป็นฐาน,รศ. ปิยะวัฒน์ พัฒนวงศ์
70153711,ทักษะของความเป็นผู้ประกอบการ (Entrepreneurship Skills),สังคมศาสตร์,เศรษฐศาสตร์/ธุรกิจ,เฉพาะนานาชาติ,3,3,0,6,พัฒนาทักษะการเป็นผู้ประกอบการ ตั้งแต่การคิดไอเดียจนถึงการดำเนินธุรกิจจริง,รศ. ศิริวัฒน์ เกษมศักดิ์
80203908,การพัฒนาคุณภาพชีวิตในการทำงานและสังคม (Development of Quality of Life in Work and Socialization),มนุษย์ศาสตร์,คุณภาพชีวิต,ทุกคณะ/วิทยาลัย,3,3,0,6,เรียนรู้แนวทางพัฒนาคุณภาพชีวิตให้สมดุลทั้งการทำงานและการอยู่ร่วมกับสังคม,รศ. สิทธิโชค เจริญสิน
80303803,พฤติกรรมนวัตกรรมในการทำงาน (Innovative Work Behavior),มนุษย์ศาสตร์,จิตวิทยา/พฤติกรรม,ทุกคณะ/วิทยาลัย,3,3,0,6,ศึกษาการสร้างสรรค์แนวคิดใหม่และการประยุกต์นวัตกรรมในการทำงานอย่างมีประสิทธิภาพ,อาจารย์ สิทธิโชค ศรีสวัสดิ์
80303101,จิตวิทยาทั่วไป (General Psychology),มนุษย์ศาสตร์,จิตวิทยา/พฤติกรรม,ทุกคณะ/วิทยาลัย,3,3,0,6,ทำความเข้าใจพื้นฐานของจิตใจ พฤติกรรม และกระบวนการคิดของมนุษย์,ศ.ดร. คเชนทร์ มณีโชติ
80303103,จิตวิทยาเพื่อความสุขในการดำรงชีวิต (Psychology for Happy Life),มนุษย์ศาสตร์,จิตวิทยา/พฤติกรรม,ทุกคณะ/วิทยาลัย,3,3,0,6,เรียนรู้แนวทางทางจิตวิทยาในการสร้างความสุขและสมดุลในชีวิต,ศ. ชนิกานต์ ภักดีวงศ์
80303104,จิตวิทยาเพื่อการทำงาน (Psychology for Work),มนุษย์ศาสตร์,จิตวิทยา/พฤติกรรม,ทุกคณะ/วิทยาลัย,3,3,0,6,ศึกษาการประยุกต์หลักจิตวิทยาเพื่อเพิ่มประสิทธิภาพและแรงจูงใจในการทำงาน,ศ. ลลิตา จิรพงศ์
80303102,จิตวิทยาสังคม (Social Psychology),มนุษย์ศาสตร์,จิตวิทยา/พฤติกรรม,ทุกคณะ/วิทยาลัย,3,3,0,6,ทำความเข้าใจพฤติกรรมของมนุษย์ในบริบททางสังคมและปฏิสัมพันธ์กับผู้อื่น,ศ.ดร. ธิดาวรรณ เกษมรัตน์
80303301,ศิลปสุนทรีย์ (Art Appreciation),มนุษย์ศาสตร์,คุณภาพชีวิต,ทุกคณะ/วิทยาลัย,3,3,0,6,เรียนรู้การรับรู้และชื่นชมคุณค่าความงามของศิลปะในชีวิตประจำวัน,ผศ.ดร. จตุรภัทร ปัญญาวงศ์
80303601,มนุษยสัมพันธ์ (Human Relations),มนุษย์ศาสตร์,จิตวิทยา/พฤติกรรม,ทุกคณะ/วิทยาลัย,3,3,0,6,ศึกษาทักษะการสื่อสารและการสร้างความสัมพันธ์ที่ดีระหว่างบุคคลในสังคมและการทำงาน,รศ. จตุพร เกษมกิจ
80303602,การพัฒนาคุณภาพชีวิต (Development of Life Quality),มนุษย์ศาสตร์,คุณภาพชีวิต,ทุกคณะ/วิทยาลัย,3,3,0,6,เรียนรู้วิธีพัฒนาความเป็นอยู่และความสุขของตนเองทั้งด้านร่างกายและจิตใจ,ศ. อนุวัฒน์ รัตนกาญจน์
80303603,การพัฒนาบุคลิกภาพ (Personality Development),มนุษย์ศาสตร์,คุณภาพชีวิต,ทุกคณะ/วิทยาลัย,3,3,0,6,พัฒนาอิทธิพลทางบุคลิกภาพ ท่าทาง และการสื่อสารให้เหมาะสมกับการทำงานและสังคม,ศ.ดร. ปิยวัฒน์ ศิริมาศ
80303606,การคิดเชิงระบบและความคิดสร้างสรรรค์ (Systematic and Creative Thinking),มนุษย์ศาสตร์,คุณภาพชีวิต,ทุกคณะ/วิทยาลัย,3,3,0,6,ฝึกกระบวนการคิดอย่างเป็นระบบและส่งเสริมความคิดสร้างสรรค์ในการแก้ปัญหา,อาจารย์ พงษ์ศิริ มณีศิริ
80303607,ความปลอดภัยในชีวิต (Safety Life),มนุษย์ศาสตร์,คุณภาพชีวิต,ทุกคณะ/วิทยาลัย,3,3,0,6,เรียนรู้หลักการและแนวทางในการดำรงชีวิตอย่างปลอดภัยในทุกสถานการณ์,ศ.ดร. ธิดาวรรณ ศรีพิพัฒน์
80303609,สุขภาพเพื่อชีวิต (Healthy Life),มนุษย์ศาสตร์,คุณภาพชีวิต,ทุกคณะ/วิทยาลัย,3,3,0,6,ส่งเสริมสุขภาพกายและใจเพื่อคุณภาพชีวิตที่ดีและยั่งยืน,รศ. ปกรณ์ ภูมิพัฒน์
80303610,นันทนาการเพื่อชีวิต (Recreation for Life),มนุษย์ศาสตร์,คุณภาพชีวิต,ทุกคณะ/วิทยาลัย,3,3,0,6,ศึกษาและฝึกกิจกรรมนันทนาการเพื่อความผ่อนคลายและเสริมสร้างความสุขในชีวิต,อาจารย์ ดร. กิตติพันธ์ ธนวัฒนะ
50113405,ทักษะด้านอารมณ์ในการทำงาน (Soft Skill for Work),มนุษย์ศาสตร์,จิตวิทยา/พฤติกรรม,ทุกคณะ/วิทยาลัย,3,3,0,6,พัฒนาทักษะการจัดการอารมณ์และการทำงานร่วมกับผู้อื่นอย่างมีประสิทธิภาพ,Assoc. Prof. Dr. Sophia Kittinan
80303802,จิตวิทยาดิจิทัล (Digital Psychology),มนุษย์ศาสตร์,จิตวิทยา/พฤติกรรม,ทุกคณะ/วิทยาลัย,3,3,0,6,ศึกษาผลกระทบของเทคโนโลยีดิจิทัลต่อพฤติกรรมและจิตใจของมนุษย์,รศ. อัญญารัตน์ มณีศักดิ์
10013821,จริยธรรมในการทำงานและความเป็นมืออาชีพ (Work Ethics and Professionalism),มนุษย์ศาสตร์,คุณธรรม/จริยธรรม,ทุกคณะ/วิทยาลัย,2,1,2,3,เรียนรู้หลักจริยธรรมและแนวทางการเป็นผู้ประกอบวิชาชีพอย่างมีความรับผิดชอบ,ศ.ดร. พัชรี มงคลชัย
10213702,จรรยาบรรณในการประกอบวิชาชีพ (Work Ethics),มนุษย์ศาสตร์,คุณธรรม/จริยธรรม,ทุกคณะ/วิทยาลัย,2,2,0,4,ศึกษาหลักคุณธรรมและจรรยาบรรณที่ควรมีในการประกอบอาชีพ,ผศ. วศิน เกษมศักดิ์
20003123,จรรยาบรรณวิชาชีพ (Professional Ethics),มนุษย์ศาสตร์,คุณธรรม/จริยธรรม,ทุกคณะ/วิทยาลัย,1,1,0,2,เรียนรู้มาตรฐานทางจริยธรรมของผู้ประกอบวิชาชีพในด้านต่างๆ,รศ. สิทธิโชค เจริญสิน
30953115,สมาธิเพื่อการพัฒนาชีวิต (Meditation For Life Development),มนุษย์ศาสตร์,คุณภาพชีวิต,ทุกคณะ/วิทยาลัย,3,3,0,6,ฝึกสมาธิเพื่อพัฒนาความสงบภายในและเสริมสร้างสมาธิในการใช้ชีวิตและทำงาน,อาจารย์ สิทธิโชค ศรีสวัสดิ์
150013125,การเรียนรู้สู่ความเป็นมืออาชีพ (Study as a process into Profession),มนุษย์ศาสตร์,คุณภาพชีวิต,เฉพาะนานาชาติ,2,2,0,4,เรียนรู้แนวทางพัฒนาทักษะและทัศนคติเพื่อเตรียมความพร้อมสู่ความเป็นมืออาชีพ,ศ.ดร. คเชนทร์ มณีโชติ
150013142,สิ่งแวดล้อมเพื่อชีวิต (Environment for Life),มนุษย์ศาสตร์,คุณภาพชีวิต,เฉพาะนานาชาติ,3,3,0,6,ศึกษาแนวทางการอยู่ร่วมกับสิ่งแวดล้อมอย่างยั่งยืนและสร้างจิตสำนึกในการอนุรักษ์ธรรมชาติ,ศ. ชนิกานต์ ภักดีวงศ์
150013120,มนุษยสัมพันธ์ (Human Relations),มนุษย์ศาสตร์,จิตวิทยา/พฤติกรรม,เฉพาะนานาชาติ,3,3,0,6,เสริมสร้างทักษะความเข้าใจผู้อื่น การทำงานเป็นทีม และการสื่อสารอย่างมีประสิทธิภาพ,ศ. ลลิตา จิรพงศ์
150013122,คุณธรรมและจริยธรรมศึกษา (Moral and Ethical Study),มนุษย์ศาสตร์,คุณธรรม/จริยธรรม,เฉพาะนานาชาติ,3,3,0,6,เรียนรู้พื้นฐานทางศีลธรรม คุณธรรม และการประยุกต์ใช้ในชีวิตประจำวัน,ศ.ดร. ธิดาวรรณ เกษมรัตน์
140813901,จริยธรรมในการทำงาน (Ethics for Profession),มนุษย์ศาสตร์,คุณธรรม/จริยธรรม,ทุกคณะ/วิทยาลัย,1,1,0,2,ปลูกฝังจิตสำนึกด้านคุณธรรมและจรรยาบรรณในการปฏิบัติงานอย่างมืออาชีพ,ผศ.ดร. จตุรภัทร ปัญญาวงศ์
40603002,ระบบคอมพิวเตอร์และโปรแกรมประยุกต์ (Computer System and Applications),เทคโนโลยี,ไอที,ทุกคณะ/วิทยาลัย,3,3,0,6,"ศึกษาหลักการทำงานของระบบคอมพิวเตอร์ตั้งแต่ฮาร์ดแวร์ ซอฟต์แวร์ ระบบปฏิบัติการ ไปจนถึงโปรแกรมพื้นฐาน เช่น Word, Excel, PowerPoint",อาจารย์ จารุวัฒน์ พานิชโยธิน
40603004,พื้นฐานและการประยุกต์เว็บ (Web Fundamental and Application),เทคโนโลยี,ไอที,ทุกคณะ/วิทยาลัย,3,3,0,6,"เรียนรู้โครงสร้างของเว็บไซต์ ภาษา HTML, CSS และแนวคิดเบื้องต้นของการสร้างเว็บ รวมถึงการนำเว็บไปประยุกต์ใช้ เช่น เว็บร้านค้า หรือเว็บแสดงข้อมูล",ผศ.ดร. ปรียาภรณ์ จารุวัฒนะ
10123801,คอมพิวเตอร์ในชีวิตประจำวัน (Computer in Everyday Life),เทคโนโลยี,ไอที,ทุกคณะ/วิทยาลัย,3,3,0,6,อธิบายบทบาทของคอมพิวเตอร์ในงานประจำวัน เช่น การสื่อสาร การทำธุรกรรม การเรียน และการจัดการข้อมูล เพื่อเข้าใจผลกระทบของเทคโนโลยีต่อชีวิตมนุษย์,อาจารย์ ดร. ปวริศ ทองมาก
10123802,เทคโนโลยีสารสนเทศและสื่อสารในชีวิตประจำวัน (Information and Communication Technology in Everyday Life),เทคโนโลยี,ไอที,ทุกคณะ/วิทยาลัย,3,3,0,6,เรียนรู้ระบบสื่อสารข้อมูล เช่น อินเทอร์เน็ต โทรศัพท์มือถือ เครือข่ายไร้สาย และแอปพลิเคชันสื่อสาร เพื่อใช้อย่างปลอดภัยและมีประสิทธิภาพ,ผศ. ภัทรพงศ์ โสภณรัตน์
10123803,พื้นฐานสำคัญเพื่อการรู้เชิงตัวเลขและคอมพิวเตอร์ (Basic of Digital and Computer Literacy),เทคโนโลยี,ไอที,ทุกคณะ/วิทยาลัย,3,3,0,6,สอนทักษะพื้นฐานที่จำเป็นในยุคดิจิทัล เช่น การคิดเชิงตรรกะ การใช้ข้อมูลอย่างมีเหตุผล และความเข้าใจพื้นฐานทางดิจิทัล เพื่อเตรียมพร้อมสู่การทำงานในโลกเทคโนโลยี,รศ. ชนิกานต์ เจริญสิน
10313528,อุตสาหกรรมและเทคโนโลยีสีเขียว (Industry and Green Technology),เทคโนโลยี,พลังงาน/วัสดุ,ทุกคณะ/วิทยาลัย,3,3,0,6,เรียนรู้แนวคิดอุตสาหกรรมที่เป็นมิตรต่อสิ่งแวดล้อม การใช้พลังงานสะอาด และการออกแบบกระบวนการผลิตที่ลดผลกระทบต่อโลก,รศ.ดร. วรวิทย์ ศรีพิพัฒน์
20003101,คอมพิวเตอร์เพื่อการศึกษาเบื้องต้น (Basic Computer for Education),เทคโนโลยี,ไอที,ทุกคณะ/วิทยาลัย,2,1,2,3,ศึกษาการใช้คอมพิวเตอร์และซอฟต์แวร์เพื่อการเรียนการสอน เช่น การสร้างสื่อการเรียนรู้ สไลด์ หรือแบบทดสอบออนไลน์,ศ.ดร. ศราวุธ ชูเกียรติ
20003102,เทคโนโลยีสารสนเทศเบื้องต้น (Basic Information Technology),เทคโนโลยี,ไอที,ทุกคณะ/วิทยาลัย,3,3,0,6,ทำความเข้าใจระบบสารสนเทศ การจัดการข้อมูล การรักษาความปลอดภัยของข้อมูล และแนวทางใช้เทคโนโลยีสารสนเทศในองค์กร,รศ.ดร. ธิดาวรรณ ศุภเดช
20003103,คอมพิวเตอร์และการโปรแกรม (Computer and Programming),เทคโนโลยี,ไอที,ทุกคณะ/วิทยาลัย,3,3,0,6,"เรียนรู้หลักการเขียนโปรแกรมเบื้องต้น เช่น การใช้ภาษาคอมพิวเตอร์ (Python, C, หรืออื่น ๆ) การใช้ตัวแปร เงื่อนไข และการแก้ปัญหาด้วยตรรกะคำนวณ",ผศ.ดร. ณัฐพงศ์ วรางค์ไพศาล
20003104,ไฟฟ้าในชีวิตประจำวัน (Electricity in Everyday Life),เทคโนโลยี,พลังงาน/วัสดุ,ทุกคณะ/วิทยาลัย,3,3,0,6,เข้าใจหลักการทำงานของไฟฟ้าในอุปกรณ์ต่าง ๆ เช่น เครื่องใช้ไฟฟ้าในบ้าน ระบบแสงสว่าง และการใช้ไฟฟ้าอย่างปลอดภัยและประหยัด,ผศ. ณัฐวดี เจนกิจ
20003105,การถ่ายภาพเบื้องต้น (Basic Photography),เทคโนโลยี,ไอที,ทุกคณะ/วิทยาลัย,3,3,0,6,ศึกษาหลักการถ่ายภาพ การใช้กล้อง การจัดองค์ประกอบภาพ แสง และเทคนิคการนำเสนอภาพ เพื่อใช้ในงานสื่อหรือการออกแบบ,รศ.ดร. วิชญา อินทรสกุล
30113206,พื้นฐานการเขียนแบบและการจัดการ (Fundamental Drawing and Management),เทคโนโลยี,วิศวกรรมพื้นฐาน,ทุกคณะ/วิทยาลัย,2,1,2,3,เรียนรู้การเขียนแบบทางเทคนิค เช่น แบบแปลน โครงสร้าง เครื่องจักร รวมถึงแนวคิดการจัดการโครงการเบื้องต้น,รศ.ดร. ฐิติรัตน์ เจริญวงศ์
40603003,จริยธรรมในการใช้งานคอมพิวเตอร์ (Computer Ethics),เทคโนโลยี,ไอที,ทุกคณะ/วิทยาลัย,3,3,0,6,ศึกษาแนวทางการใช้เทคโนโลยีอย่างมีจริยธรรม เช่น การเคารพลิขสิทธิ์ ความเป็นส่วนตัว การใช้ข้อมูลอย่างถูกต้อง และความรับผิดชอบต่อสังคมดิจิทัล,ผศ.ดร. ขวัญใจ อนันต์กุล
40603005,ปัญญาประดิษฐ์กับวิถีชีวิตใหม่ (Artificial Intelligence in Modern Life),เทคโนโลยี,ไอที,ทุกคณะ/วิทยาลัย,3,3,0,6,"เรียนรู้พื้นฐานของ AI เช่น Machine Learning, Chatbot, และระบบแนะนำ (Recommendation System) รวมถึงผลกระทบของ AI ต่อสังคมและอาชีพ",ผศ.ดร. อัครพล ธนานนท์
61100002,กระบวนการคิดเชิงวิศวกรรม (Sense of Engineer),เทคโนโลยี,วิศวกรรมพื้นฐาน,ทุกคณะ/วิทยาลัย,2,2,0,4,ฝึกกระบวนการคิดแบบวิศวกร — วิเคราะห์ปัญหาอย่างเป็นระบบ วางแผน ออกแบบ และหาทางแก้ปัญหาที่เหมาะสม,รศ.ดร. ธนาพร วรเศรษฐ์
70153813,กระบวนการคิดเชิงออกแบบ (Design Thinking),เทคโนโลยี,วิศวกรรมพื้นฐาน,เฉพาะนานาชาติ,3,3,0,6,เรียนรู้การคิดเชิงออกแบบเพื่อสร้างนวัตกรรม โดยเน้นการเข้าใจผู้ใช้ ทดลองไอเดีย และปรับปรุงอย่างต่อเนื่อง,ผศ. กัญญาณัฐ มณีวงศ์
150013121,การคิดอย่างสร้างสรรค์และมีระบบ (Systematic and Creative Thinking),เทคโนโลยี,วิศวกรรมพื้นฐาน,เฉพาะนานาชาติ,3,3,0,6,ฝึกทักษะการคิดสร้างสรรค์ควบคู่กับการคิดแบบมีเหตุผล เพื่อใช้แก้ปัญหาในงานเทคโนโลยีหรือชีวิตประจำวัน,ผศ.ดร. กฤติเดช จิรพัฒน์
150013124,กระบวนการคิดเชิงออกแบบและสร้างสรรค์อย่างมีระบบ (Systematic Creative and Design Thinking),เทคโนโลยี,วิศวกรรมพื้นฐาน,เฉพาะนานาชาติ,3,3,0,6,ผสมผสานแนวคิดของการคิดอย่างมีระบบและการคิดสร้างสรรค์ เพื่อพัฒนาแนวทางใหม่ ๆ ในการออกแบบและนวัตกรรม,ศ. พัชราภรณ์ ศรีประเสริฐ
120113701,พื้นฐานเทคโนโลยีปิโตรเคมี (Introduction to Petrochemical Technology),เทคโนโลยี,พลังงาน/วัสดุ,ทุกคณะ/วิทยาลัย,3,3,0,6,เรียนรู้พื้นฐานการผลิตและกระบวนการแปรรูปวัตถุดิบปิโตรเคมี เช่น พลาสติก ปุ๋ย และผลิตภัณฑ์เคมีต่าง ๆ,อาจารย์ อนิรุทธิ์ ปัญญานนท์
120113702,พื้นฐานของหน่วยปฏิบัติการเฉพาะหน่วย (Introduction to Unit Operation),เทคโนโลยี,พลังงาน/วัสดุ,ทุกคณะ/วิทยาลัย,3,3,0,6,เข้าใจหลักการพื้นฐานของกระบวนการอุตสาหกรรม เช่น การกลั่น การแยก การแลกเปลี่ยนความร้อน ที่ใช้ในโรงงานเคมี,ศ. วิไลรัตน์ ศิริวัฒน์
120113703,นาโนเทคโนโลยีในชีวิตประจำวัน (Nanotechnology in Everyday Life),เทคโนโลยี,พลังงาน/วัสดุ,ทุกคณะ/วิทยาลัย,3,3,0,6,ศึกษาเทคโนโลยีระดับนาโน เช่น วัสดุนาโนในเครื่องสำอาง ยา หรืออุปกรณ์อิเล็กทรอนิกส์ และผลกระทบต่อชีวิตมนุษย์,ศ. อาภรณ์ เจริญสุข
130013007,วัสดุในชีวิตประจำวัน (Materials in Daily Life),เทคโนโลยี,พลังงาน/วัสดุ,ทุกคณะ/วิทยาลัย,3,3,0,6,ทำความเข้าใจชนิดของวัสดุต่าง ๆ เช่น โลหะ พลาสติก แก้ว และวัสดุผสม รวมถึงการเลือกใช้วัสดุให้เหมาะกับงาน,อาจารย์ อรพิน พงษ์ศิริ
130013013,พลังงานและเทคโนโลยีใกล้ตัว (Energy and Technology around us),เทคโนโลยี,พลังงาน/วัสดุ,ทุกคณะ/วิทยาลัย,3,3,0,6,ศึกษารูปแบบของพลังงาน เช่น ไฟฟ้า แสงอาทิตย์ ลม และเทคโนโลยีที่ใช้ในการผลิตหรือประหยัดพลังงาน,อาจารย์ ดร. มธุรส มงคลสุข
130013019,การออกแบบเพื่อการนำเสนอ (Data Presentation Design),เทคโนโลยี,วิศวกรรมพื้นฐาน,ทุกคณะ/วิทยาลัย,3,3,0,6,เรียนรู้เทคนิคการนำเสนอข้อมูลอย่างมีประสิทธิภาพ เช่น การใช้กราฟ แผนภูมิ อินโฟกราฟิก หรือสื่อมัลติมีเดีย,ศ. ปิยะกุล พีรศักดิ์
120313701,วัสดุทั่วไปและการประยุกต์ใช้ (General Materials and Applications),เทคโนโลยี,พลังงาน/วัสดุ,ทุกคณะ/วิทยาลัย,3,3,0,6,ศึกษาโครงสร้าง คุณสมบัติ และการประยุกต์ใช้วัสดุในอุตสาหกรรม เช่น วัสดุก่อสร้าง วัสดุไฟฟ้า และวัสดุวิศวกรรม,รศ.ดร. นฤมล วรเศรษฐ์
120513158,การบำรุงรักษายานยนต์ในชีวิตประจำวัน (Automotive Maintenance in Everyday Life),เทคโนโลยี,พลังงาน/วัสดุ,ทุกคณะ/วิทยาลัย,3,3,0,6,เรียนรู้หลักการดูแลรักษารถยนต์ เช่น การตรวจสภาพ การเปลี่ยนน้ำมัน การดูแลระบบเบรก เพื่อความปลอดภัยและยืดอายุการใช้งาน,รศ.ดร. อัญชลี พงศ์สวัสดิ์
80303401,คาราโอเกะ (Karaoke),กีฬาและนันทนาการ,เกม/นันทนาการสังคม,ทุกคณะ/วิทยาลัย,1,0,2,1,เรียนรู้การร้องเพลงอย่างมั่นใจ ฝึกการออกเสียง จังหวะ และการแสดงออกทางอารมณ์ เพื่อสร้างความสุข ผ่อนคลาย และพัฒนาทักษะการสื่อสารในสังคม,ศ. วรวิทย์ ปิ่นทอง
80303501,บาสเกตบอล (Basketball),กีฬาและนันทนาการ,กีฬา,ทุกคณะ/วิทยาลัย,1,0,2,1,ฝึกพื้นฐานการเล่นบาสเกตบอล เช่น การเลี้ยง การส่ง การยิง การป้องกัน และการเล่นเป็นทีม เพื่อเสริมสร้างความแข็งแรง ความเร็ว และความร่วมมือ,ผศ.ดร. วิภาวดี พงศ์ประเสริฐ
80303502,วอลเลย์บอล (Volleyball),กีฬาและนันทนาการ,กีฬา,ทุกคณะ/วิทยาลัย,1,0,2,1,เรียนรู้กติกาและเทคนิคการเล่นวอลเลย์บอล ทั้งการเสิร์ฟ รับ ตบ และบล็อก เพื่อพัฒนาทักษะทางร่างกายและการทำงานร่วมกับผู้อื่น,ศ.ดร. นภัสสร ศิริพรหม
80303503,แบตมินตัน (Badminton),กีฬาและนันทนาการ,กีฬา,ทุกคณะ/วิทยาลัย,1,0,2,1,ฝึกการเล่นแบตมินตันทั้งแบบเดี่ยวและคู่ เน้นทักษะการตี การเคลื่อนไหว การวางแผนเกม และการมีน้ำใจนักกีฬา,ศ.ดร. ธนาพร โชติธรรม
80303504,ลีลาศ (Dancing),กีฬาและนันทนาการ,เกม/นันทนาการสังคม,ทุกคณะ/วิทยาลัย,1,0,2,1,เรียนรู้การเต้นลีลาศเพื่อเสริมบุคลิกภาพ การทรงตัว ความยืดหยุ่น และการเข้าสังคมอย่างสง่างาม,รศ. วรรณิศา ธนานนท์
80303505,เทเบิลเทนนิส (Table Tennis),กีฬาและนันทนาการ,กีฬา,ทุกคณะ/วิทยาลัย,1,0,2,1,ศึกษากติกาและเทคนิคของปิงปอง ฝึกความเร็ว การตอบสนอง การควบคุมลูก และสมาธิในการแข่งขัน,อาจารย์ จตุรภัทร เจนกิจ
80303507,ฟุตบอล (Football),กีฬาและนันทนาการ,กีฬา,ทุกคณะ/วิทยาลัย,1,0,2,1,ฝึกพื้นฐานการเล่นฟุตบอล เช่น การเลี้ยง ส่ง ยิง และการป้องกัน รวมถึงการทำงานเป็นทีมและกลยุทธ์ในสนาม,รศ.ดร. อรทัย วัฒนบวร
80303515,การเดิน-วิ่ง เพื่อสุขภาพ (Walk and Run for Health),กีฬาและนันทนาการ,การออกกำลังกาย,ทุกคณะ/วิทยาลัย,1,0,2,1,ส่งเสริมการออกกำลังกายแบบง่าย ๆ ด้วยการเดินและวิ่ง เพื่อพัฒนาความอดทนของหัวใจ ปอด และสุขภาพโดยรวม,รศ. พิชญา สิริรัตน์
80303516,เกมและเพลง (Games and Songs),กีฬาและนันทนาการ,เกม/นันทนาการสังคม,ทุกคณะ/วิทยาลัย,1,0,2,1,เรียนรู้การใช้เกมและเพลงเป็นกิจกรรมนันทนาการเพื่อเสริมสร้างความสัมพันธ์ในกลุ่ม การคลายเครียด และความคิดสร้างสรรค์,รศ.ดร. กวินทร์ ศิริมาศ
80303517,การออกกำลังกายและการฝึกด้วยน้ำหนัก (Fitness and Weight Training),กีฬาและนันทนาการ,การออกกำลังกาย,ทุกคณะ/วิทยาลัย,1,0,2,1,ฝึกการใช้เครื่องออกกำลังกายและอุปกรณ์เวทเทรนนิ่ง เพื่อเสริมสร้างกล้ามเนื้อ ความแข็งแรง และสุขภาพร่างกายที่สมดุล,ผศ.ดร. เกียรติศักดิ์ รัตนกาญจน์
80303518,การเต้นแอโรบิกและเต้นคัฟเวอร์ (Aerobic Dance and Cover Dance),กีฬาและนันทนาการ,การออกกำลังกาย,ทุกคณะ/วิทยาลัย,1,0,2,1,เรียนรู้การเต้นตามจังหวะเพลงเพื่อกระตุ้นการเผาผลาญ พัฒนาความยืดหยุ่น และสร้างความมั่นใจในการแสดงออก,ศ.ดร. คเชนทร์ ทองสิทธิ์
80303519,กีฬาบริดจ์ (Bridge),กีฬาและนันทนาการ,กีฬา,ทุกคณะ/วิทยาลัย,1,0,2,1,ศึกษาหลักการเล่นไพ่บริดจ์ ฝึกการคิดเชิงกลยุทธ์ การคำนวณ และการวางแผนร่วมกับคู่เล่น,รศ.ดร. ศราวุธ อินทรวิชัย
80303520,บอร์ดเกม (Board Games),กีฬาและนันทนาการ,เกม/นันทนาการสังคม,ทุกคณะ/วิทยาลัย,1,0,2,1,เรียนรู้การเล่นบอร์ดเกมหลากหลายประเภทเพื่อฝึกทักษะการคิด การวางแผน การแก้ปัญหา และการเข้าสังคมอย่างสร้างสรรค์,อาจารย์ จตุพร ธนเดช
80303521,อีสปอร์ต (e-Sports),กีฬาและนันทนาการ,เกม/นันทนาการสังคม,ทุกคณะ/วิทยาลัย,1,0,2,1,ศึกษาแนวทางการเล่นเกมในเชิงกีฬา ฝึกทักษะการวางกลยุทธ์ การทำงานเป็นทีม และการใช้เทคโนโลยีอย่างมีวินัย,อาจารย์ วินัย ปัญญาวงศ์
80303509,เปตอง (Pétanque),กีฬาและนันทนาการ,กีฬา,เฉพาะวทอ.,1,0,2,1,ฝึกการเล่นกีฬาเปตองที่เน้นความแม่นยำ การคำนวณระยะ และสมาธิ เหมาะสำหรับทุกวัยและการเล่นเป็นกลุ่ม,รศ. เบญจวรรณ เจริญกุล
80303510,ไท้จี๋/ไท้เก๊ก (Taiji/Taikek),กีฬาและนันทนาการ,การออกกำลังกาย,เฉพาะวทอ.,1,0,2,1,เรียนรู้ศิลปะการเคลื่อนไหวช้า ๆ เพื่อฝึกสมาธิ การหายใจ การทรงตัว และการผ่อนคลายร่างกายอย่างมีสติ,ศ. ชนิกานต์ จารุพงษ์
80303513,3x3 บาสเกตบอล (3x3 Basketball),กีฬาและนันทนาการ,กีฬา,เฉพาะวทอ.,1,0,2,1,ศึกษาเทคนิคการเล่นบาสเกตบอลแบบทีมเล็ก เน้นความเร็ว การตัดสินใจรวดเร็ว และการเล่นเชิงกลยุทธ์,ผศ.ดร. ปุณยวีร์ พงศ์ประเสริฐ
80303514,ฟุตซอล (Futsal),กีฬาและนันทนาการ,กีฬา,เฉพาะวทอ.,1,0,2,1,ฝึกพื้นฐานการเล่นฟุตบอลในสนามเล็ก พัฒนาความคล่องตัว ความเร็ว และการสื่อสารภายในทีม,อาจารย์ ดร. อาภาพร วรรณพงศ์
80303522,หมากรุกไทย (Thai Chess),กีฬาและนันทนาการ,เกม/นันทนาการสังคม,เฉพาะวทอ.,1,0,2,1,ศึกษากติกาและกลยุทธ์ของหมากรุกไทย ฝึกการวิเคราะห์ การวางแผนล่วงหน้า และความอดทนทางจิตใจ,รศ.ดร. ศศิธร พิพัฒน์ธนกุล
80303523,หมากรุกสากล (Chess),กีฬาและนันทนาการ,เกม/นันทนาการสังคม,เฉพาะวทอ.,1,0,2,1,เรียนรู้การเล่นหมากรุกแบบสากลเพื่อฝึกการคิดเชิงตรรกะ การวางแผน และการตัดสินใจภายใต้แรงกดดัน,รศ. อุไรวรรณ ปัญญาวงศ์
80303524,หมากรุกจีน (Chinese Chess),กีฬาและนันทนาการ,เกม/นันทนาการสังคม,เฉพาะวทอ.,1,0,2,1,ศึกษาเกมหมากรุกแบบจีน ฝึกการใช้กลยุทธ์ การคาดการณ์ และการอ่านเกมของคู่ต่อสู้,ศ. ธนาพร ศรีมงคล
80303525,สกา (Ska),กีฬาและนันทนาการ,เกม/นันทนาการสังคม,เฉพาะวทอ.,1,0,2,1,เรียนรู้กติกาและการเล่นเกมสกา ฝึกทักษะการคิด การวางแผน และความสามารถในการปรับตัวตามสถานการณ์,ผศ.ดร. ปริญญา วัฒนะสถิตย์
40313017,ทักษะการออกกำลังกายและกีฬา (Exercise Skill and Sport),กีฬาและนันทนาการ,การออกกำลังกาย,ทุกคณะ/วิทยาลัย,3,3,0,6,ฝึกพื้นฐานการออกกำลังกายอย่างถูกวิธี การใช้ร่างกายให้เหมาะสม และพัฒนาทักษะกีฬาเบื้องต้นเพื่อสุขภาพ,ผศ. นเรศ ปัญญาวงศ์
80303526,กีฬากับการพัฒนาชีวิต (Sports and Lifestyle Development),กีฬาและนันทนาการ,การออกกำลังกาย,ทุกคณะ/วิทยาลัย,3,3,0,6,เรียนรู้บทบาทของกีฬาในการเสริมสร้างวินัย ความรับผิดชอบ และสุขภาพจิตที่ดี เพื่อพัฒนาคุณภาพชีวิต,อาจารย์ ธีรเดช วัฒนะกุล
80303527,การท่องเที่ยวเชิงสุขภาพและกีฬา (Wellness Tourism and Sports),กีฬาและนันทนาการ,เกม/นันทนาการสังคม,ทุกคณะ/วิทยาลัย,3,3,0,6,ศึกษาแนวคิดการท่องเที่ยวเชิงสุขภาพ เช่น เดินป่า ปีนเขา ปั่นจักรยาน เพื่อส่งเสริมสุขภาพกายและใจ,รศ. ปิยะวัฒน์ สุนทรพงศ์
80303528,การจัดการค่ายพักแรม (Camp Management),กีฬาและนันทนาการ,เกม/นันทนาการสังคม,ทุกคณะ/วิทยาลัย,3,3,0,6,เรียนรู้การวางแผน จัดการ และดำเนินกิจกรรมค่าย ฝึกภาวะผู้นำ การทำงานเป็นทีม และการเอาตัวรอดในธรรมชาติ,รศ. อัญญารัตน์ ศรีวัฒน์
60434032,นันทนาการและการเข้าสังคม (Recreation and Socialization),กีฬาและนันทนาการ,เกม/นันทนาการสังคม,เฉพาะวทอ.,1,0,2,1,ศึกษากิจกรรมนันทนาการที่ช่วยเสริมความสัมพันธ์ระหว่างบุคคล การสื่อสาร และการสร้างบรรยากาศเชิงบวกในสังคม,ผศ.ดร. รัตนาภรณ์ มณีสุวรรณ
150013163,ศิลปะการป้องกันตัว (Self-Defense),กีฬาและนันทนาการ,การออกกำลังกาย,เฉพาะนานาชาติ,1,0,2,1,เรียนรู้เทคนิคการป้องกันตัวเบื้องต้น เช่น การหลีกเลี่ยง การปัดป้อง และการควบคุมตัวคู่ต่อสู้ เพื่อเสริมความมั่นใจและความปลอดภัยในชีวิตประจำวัน,ผศ.ดร. อรพิน จิรพัฒน์
150013164,กอล์ฟเพื่อสุขภาพ (Golf for Health),กีฬาและนันทนาการ,กีฬา,เฉพาะนานาชาติ,1,0,2,1,เรียนรู้พื้นฐานการเล่นกอล์ฟอย่างถูกวิธี ฝึกสมาธิ การวางแผน การควบคุมร่างกาย และการผ่อนคลายอย่างมีสไตล์,ศ.ดร. วรารัตน์ พีระเดช
,,,,,,,,,,
