รหัสรีวิว,รหัสวิชา,คะแนน,เนื้อหาที่รีวิว,วันที่รีวิว,section
1,80103011,4,วิชานี้ช่วยให้เข้าใจเทคนิคการเรียนภาษาอังกฤษมากขึ้น โดยเฉพาะเรื่องการฟังจับใจความและจดโน้ต อาจารย์อธิบายละเอียดและมีแบบฝึกหัดเยอะ เหมาะสำหรับคนที่ต้องการปูพื้นฐานภาษาอังกฤษให้แน่น,12/3/2025,SEC4
2,80103011,4,แบบฝึกหัดเยอะมากแต่ช่วยให้ได้ฝึกจริง การบ้านค่อนข้างเยอะ ต้องขยันหน่อย,5/6/2025,SEC10
3,80103018,5,สอนการเขียนอีเมลธุรกิจและการสัมภาษณ์งานภาษาอังกฤษดีมาก ได้ฝึกพูดในสถานการณ์จำลองจริง,22/2/2025,SEC3
4,80103018,4,ได้เรียนรู้คำศัพท์ที่ใช้ในที่ทำงานจริง มี role play สนุกแต่ต้องเตรียมตัวล่วงหน้า,18/7/2025,SEC6
5,80103019,5,เนื้อหาสอดคล้องกับสายวิทยาศาสตร์จริง เช่น การอ่านงานวิจัยและเขียน abstract ภาษาอังกฤษ,1/5/2025,SEC8
6,80103019,4,อาจารย์ให้อ่าน journal จริงและสรุปเป็นภาษาอังกฤษ ช่วยพัฒนา reading skill มาก,10/8/2025,SEC7
7,80103020,4,ได้เรียนรู้คำศัพท์ทางธุรกิจและอุตสาหกรรม เข้าใจเรื่องการสื่อสารในองค์กร,14/3/2025,SEC5
8,80103020,5,มีโปรเจกต์จำลองบริษัท สนุกและได้ใช้ภาษาอังกฤษจริงในการนำเสนอ,9/6/2025,SEC5
9,80103021,5,เหมาะกับคนที่อยากทำงานด้านโรงแรมหรือท่องเที่ยว ได้ฝึกพูดโต้ตอบกับลูกค้า,22/4/2025,SEC5
10,80103022,4,สอนการเขียนอีเมล จดหมาย และแบบฟอร์มในงานบริการ เข้าใจง่าย,2/7/2025,SEC10
11,80103023,5,,30/3/2025,SEC2
12,80103023,5,มีแบบฝึกหัดอ่านคู่มือเครื่องมือและเขียนรายงานทางเทคนิคเป็นภาษาอังกฤษ,11/9/2025,SEC7
13,80103028,4,ฝึกอ่านบทความและโบรชัวร์เกี่ยวกับการท่องเที่ยวและโรงแรม เหมาะกับผู้ที่อยากทำงานในสายบริการ,10/2/2025,SEC1
14,80103029,5,ได้ฝึกพูดต้อนรับแขก จองห้อง และตอบคำถามลูกค้าแบบจริงจัง สนุกมาก,21/3/2025,SEC10
15,80103029,4,มีการจำลองสถานการณ์ในโรงแรมจริง ๆ อาจารย์ใจดีแต่เข้มงวดเรื่องเวลา,15/5/2025,SEC1
16,80103030,4,ได้ฝึกอ่านบทความทางวิชาการยาก ๆ และเรียนรู้เทคนิคการสรุปใจความสำคัญ,12/6/2025,SEC4
17,80103031,5,อัปเดตข่าวจริงทุกสัปดาห์ สนุกและได้ฝึกพูดแลกเปลี่ยนความคิดเห็นภาษาอังกฤษ,24/7/2025,SEC5
18,80103031,4,ได้ฝึกอ่านข่าว BBC และ CNN เข้าใจศัพท์สื่อสารมวลชนดีขึ้นมาก,16/8/2025,SEC10
19,80103032,5,,28/3/2025,SEC5
20,80103033,5,ได้เรียนรู้การเขียนจดหมายทางการและรายงานธุรกิจภาษาอังกฤษ มืออาชีพมาก,18/5/2025,SEC5
21,80103033,5,,30/6/2025,SEC9
22,80103034,5,ได้ฝึกพูดจริงแทบทุกคาบ อาจารย์ช่วยแก้ accent และ grammar แบบเข้าใจง่าย,5/2/2025,SEC3
23,80103034,5,บรรยากาศคลาสดีมาก กล้าใช้ภาษาอังกฤษมากขึ้น,27/4/2025,SEC3
24,80103035,5,วิชานี้ช่วยให้พูดต่อหน้าคนได้มั่นใจขึ้น ได้ฝึก present ด้วย PowerPoint และตอบคำถามภาษาอังกฤษ,5/3/2025,SEC4
25,80103035,5,ได้เรียนรู้โครงสร้างการนำเสนอและเทคนิคการใช้ภาษาทางการ ช่วยพัฒนา self-confidence มาก,23/5/2025,SEC10
26,80103036,5,ได้ฝึกเขียนโพสต์ โฆษณา และแคปชันภาษาอังกฤษจริง อาจารย์สอนเทคนิคการใช้ถ้อยคำให้น่าสนใจมาก,2025-05-16,SEC2
27,80103036,4,เหมาะกับสายคอนเทนต์มาก ได้เรียนรู้ศัพท์และโครงสร้างภาษาที่ใช้ในแพลตฟอร์มต่าง ๆ เช่น Facebook และ Instagram,2025-07-22,SEC8
28,80103037,4,ได้อ่านนิยายและเรื่องสั้นภาษาอังกฤษร่วมสมัย สนุกและช่วยเพิ่มคำศัพท์เชิงศิลปะ,2025-04-03,SEC9
29,80103037,5,อาจารย์เปิดให้วิเคราะห์วรรณกรรมอย่างอิสระ ชวนคิดลึกและฝึกการตีความภาษาอังกฤษได้ดีมาก,2025-06-30,SEC2
30,80103038,5,แปลกใหม่มาก ได้เรียนศัพท์จิตวิทยา การสื่อสารเชิงบวก และการอธิบายความรู้สึกเป็นภาษาอังกฤษ,2025-03-25,SEC7
31,80103038,4,เน้นทั้งภาษากับการเยียวยาจิตใจ เหมาะกับคนสนใจศาสตร์ Tarot และการใช้ภาษาเพื่อให้กำลังใจผู้อื่น,2025-07-05,SEC9
32,80103039,5,ได้ฝึกเขียนแผนธุรกิจและนำเสนอ pitch เป็นภาษาอังกฤษ ใช้ได้จริงในชีวิตการทำงาน,2025-02-17,SEC9
33,80103039,4,ได้เรียนคำศัพท์ด้านการตลาด และมีโครงงานจำลอง Startup ภาษาอังกฤษสนุกมาก,2025-06-12,SEC5
34,80103040,4,เหมาะกับสาย Design มาก ได้ฝึกอธิบายผลงาน Portfolio และแนวคิดการออกแบบเป็นภาษาอังกฤษ,2025-03-08,SEC1
35,80103041,5,เรียนรู้คำศัพท์และรูปแบบการสื่อสารในงาน HR เช่น การสัมภาษณ์ การรับสมัคร และการประเมินผลพนักงาน,2025-04-28,SEC4
36,80103041,4,ได้ฝึก role-play สถานการณ์ HR จริง ช่วยพัฒนาการสื่อสารเชิงธุรกิจได้ดี,2025-08-03,SEC6
37,80103042,5,ได้ฝึกออกเสียง intonation และ stress อย่างละเอียด อาจารย์ช่วยแก้สำเนียงให้ชัดขึ้นมาก,2025-02-11,SEC4
38,80103042,4,เน้น phonetics และ listening เยอะ เหมาะกับคนที่อยากพูดภาษาอังกฤษให้เหมือนเจ้าของภาษา,2025-05-29,SEC4
39,80103043,4,สนุกมาก ได้ทำกิจกรรม game และ camp โดยใช้ภาษาอังกฤษตลอด ไม่เครียด,2025-06-18,SEC4
40,80303201,5,ช่วยให้กล้าพูดต่อหน้าคน ได้ฝึกทั้งการจัดเนื้อหา และ body language ภาษาอังกฤษ,2025-03-22,SEC10
41,80303201,4,ได้ฝึก speech จริงทุกคาบ อาจารย์ให้ฟีดแบ็กละเอียดมาก,2025-07-15,SEC8
42,170313001,5,สอนคำศัพท์ทางธุรกิจจีนและมารยาทการเจรจา อาจารย์พูดช้า เข้าใจง่าย,2025-05-10,SEC10
43,80103118,4,ได้เรียนรู้สุนทรียภาพของภาษา และการใช้ถ้อยคำอย่างมีศิลปะ เนื้อหาน่าสนใจมาก,2025-04-20,SEC1
44,80103118,5,วิชานี้ทำให้เข้าใจว่าภาษาไม่ใช่แค่สื่อสาร แต่ยังสะท้อนความงามทางความคิด,2025-07-09,SEC1
45,80103119,5,ได้เรียนรู้สำนวน สุภาษิต และภูมิปัญญาไทยที่สอดแทรกอยู่ในภาษาไทย สนุกและได้สาระ,2025-02-14,SEC2
46,80103119,4,อาจารย์อธิบายละเอียด เชื่อมโยงกับวัฒนธรรมไทย เหมาะกับคนชอบภาษา,2025-05-07,SEC5
47,80203901,4,ได้เรียนแนวคิดทางสังคมวิทยา เข้าใจบทบาทของมนุษย์ในสังคมยุคใหม่,2025-03-19,SEC5
48,80203902,5,ได้เรียนรู้ประวัติศาสตร์ ศิลปะ และมรดกทางวัฒนธรรมไทย พร้อมกิจกรรมทัศนศึกษา,2025-06-02,SEC6
49,80203903,5,สนุกทุกคาบ เนื้อหาทันสมัยและนำไปใช้ได้จริง,2025-06-21,SEC3
50,80203903,2,พอเข้าใจแต่ยังไม่ค่อยชัดเจนในบางหัวข้อ,2025-08-11,SEC7
51,80203904,4,เหมาะกับคนที่อยากพัฒนาทักษะในด้านนี้,2025-07-21,SEC3
52,80203904,5,อาจารย์สอนดีมาก เข้าใจง่าย ได้ประสบการณ์จริง,2025-07-06,SEC1
53,80203905,5,ชอบมาก วิชานี้สอนสนุกและเปิดมุมมองใหม่ ๆ,2025-02-12,SEC5
54,80203906,0,ไม่เข้าใจเลย วิชานี้ยากมากสำหรับพื้นฐานของเรา,2025-02-27,SEC2
55,80203906,4,มีตัวอย่างจริงประกอบทำให้เข้าใจมากขึ้น,2025-05-16,SEC5
56,80203907,2,สอนเร็วแต่มีตัวอย่างช่วยอธิบายดี,2025-07-19,SEC5
57,80203908,5,ชอบมาก วิชานี้สอนสนุกและเปิดมุมมองใหม่ ๆ,2025-04-05,SEC1
58,80203908,4,อาจารย์สอนดี เข้าใจง่าย ได้ฝึกคิดวิเคราะห์,2025-06-09,SEC3
59,80203909,5,สนุกทุกคาบ เนื้อหาทันสมัยและนำไปใช้ได้จริง,2025-07-18,SEC1
60,80203910,1,ค่อนข้างยากและมีเนื้อหาหนักไปนิด,2025-05-15,SEC7
61,80203910,4,อาจารย์สอนดี เข้าใจง่าย ได้ฝึกคิดวิเคราะห์,2025-08-03,SEC8
62,80203911,3,เข้าใจได้ระดับหนึ่งแต่ยังไม่ค่อยสนุก,2025-05-02,SEC5
63,80203911,4,เหมาะกับคนที่อยากพัฒนาทักษะในด้านนี้,2025-03-04,SEC2
64,80203912,5,อาจารย์สอนดีมาก เข้าใจง่าย ได้ประสบการณ์จริง,2025-03-12,SEC10
65,80203918,5,อาจารย์สอนดีมาก เข้าใจง่าย ได้ประสบการณ์จริง,2025-08-16,SEC1
66,80203918,4,มีตัวอย่างจริงประกอบทำให้เข้าใจมากขึ้น,2025-07-23,SEC7
67,80203920,5,ชอบมาก วิชานี้สอนสนุกและเปิดมุมมองใหม่ ๆ,2025-06-18,SEC10
68,80203920,4,มีตัวอย่างจริงประกอบทำให้เข้าใจมากขึ้น,2025-02-13,SEC9
69,802039023,5,สนุกทุกคาบ เนื้อหาทันสมัยและนำไปใช้ได้จริง,2025-02-25,SEC7
70,80303803,5,สนุกทุกคาบ เนื้อหาทันสมัยและนำไปใช้ได้จริง,2025-04-19,SEC1
71,80303803,5,ชอบมาก วิชานี้สอนสนุกและเปิดมุมมองใหม่ ๆ,2025-04-01,SEC2
72,40603002,5,อาจารย์สอนดีมาก เข้าใจง่าย ได้ประสบการณ์จริง,2025-03-09,SEC4
73,40603002,5,ชอบมาก วิชานี้สอนสนุกและเปิดมุมมองใหม่ ๆ,2025-05-02,SEC3
74,40603004,3,,2025-08-18,SEC6
75,40603004,5,สนุกทุกคาบ เนื้อหาทันสมัยและนำไปใช้ได้จริง,2025-03-01,SEC2
76,50213201,2,พอเข้าใจแต่ยังไม่ค่อยชัดเจนในบางหัวข้อ,2025-03-20,SEC9
77,50213201,3,เนื้อหาโอเค แต่บางส่วนรู้สึกซ้ำกับวิชาอื่น,2025-06-18,SEC4
78,170313002,3,เนื้อหาโอเค แต่บางส่วนรู้สึกซ้ำกับวิชาอื่น,2025-02-17,SEC1
79,80303101,5,,2025-08-02,SEC5
80,80303101,4,,2025-04-02,SEC4
81,80303103,5,สนุกทุกคาบ เนื้อหาทันสมัยและนำไปใช้ได้จริง,2025-04-11,SEC6
82,80303103,2,,2025-05-13,SEC8
83,80303104,4,อาจารย์สอนดี เข้าใจง่าย ได้ฝึกคิดวิเคราะห์,2025-08-15,SEC4
84,80303104,4,เหมาะกับคนที่อยากพัฒนาทักษะในด้านนี้,2025-03-12,SEC1
85,80303102,3,เนื้อหาโอเค แต่บางส่วนรู้สึกซ้ำกับวิชาอื่น,2025-03-13,SEC2
86,80303102,5,ชอบมาก วิชานี้สอนสนุกและเปิดมุมมองใหม่ ๆ,2025-07-10,SEC9
87,80303301,4,มีตัวอย่างจริงประกอบทำให้เข้าใจมากขึ้น,2025-03-08,SEC9
88,80303601,4,อาจารย์สอนดี เข้าใจง่าย ได้ฝึกคิดวิเคราะห์,2025-08-07,SEC8
89,80303601,3,,2025-05-26,SEC5
90,80303602,4,,2025-07-15,SEC3
91,80303603,5,อาจารย์สอนดีมาก เข้าใจง่าย ได้ประสบการณ์จริง,2025-02-06,SEC4
92,80303606,2,,2025-02-26,SEC2
93,80303606,4,มีตัวอย่างจริงประกอบทำให้เข้าใจมากขึ้น,2025-03-20,SEC4
94,80303607,5,อาจารย์สอนดีมาก เข้าใจง่าย ได้ประสบการณ์จริง,2025-06-13,SEC6
95,80303608,4,เหมาะกับคนที่อยากพัฒนาทักษะในด้านนี้,2025-07-13,SEC4
96,80303609,1,ค่อนข้างยากและมีเนื้อหาหนักไปนิด,2025-02-25,SEC2
97,80303610,3,,2025-07-21,SEC5
98,80303401,5,สนุกทุกคาบ เนื้อหาทันสมัยและนำไปใช้ได้จริง,2025-07-15,SEC9
99,80303401,4,,2025-06-06,SEC10
100,80303501,5,สนุกทุกคาบ เนื้อหาทันสมัยและนำไปใช้ได้จริง,2025-04-08,SEC7
101,80303501,5,,2025-04-11,SEC4
102,80303502,3,เข้าใจได้ระดับหนึ่งแต่ยังไม่ค่อยสนุก,2025-04-03,SEC3
103,80303502,5,ชอบมาก วิชานี้สอนสนุกและเปิดมุมมองใหม่ ๆ,2025-05-01,SEC6
104,80303503,1,ค่อนข้างยากและมีเนื้อหาหนักไปนิด,2025-06-06,SEC2
105,80303503,4,เหมาะกับคนที่อยากพัฒนาทักษะในด้านนี้,2025-06-27,SEC9
106,80303504,5,,2025-02-22,SEC4
107,80303504,4,มีตัวอย่างจริงประกอบทำให้เข้าใจมากขึ้น,2025-03-23,SEC1
108,80303505,4,มีตัวอย่างจริงประกอบทำให้เข้าใจมากขึ้น,2025-06-17,SEC5
109,80303507,5,,2025-05-12,SEC4
110,80303515,3,เข้าใจได้ระดับหนึ่งแต่ยังไม่ค่อยสนุก,2025-07-15,SEC6
111,80303515,2,,2025-03-04,SEC8
112,80303516,4,,2025-08-21,SEC4
113,80303516,5,,2025-06-09,SEC1
114,80303517,5,แนะนำมาก สนุกและได้ทั้งความรู้กับสุขภาพ ใครลังเลให้ลองเลย,2025-02-23,SEC2
115,80303518,5,,2025-07-24,SEC9
116,80303519,2,เหมาะสำหรับคนที่อยากลองแต่ไม่คาดหวังเยอะนัก,2025-06-26,SEC9
117,80303519,0,ถ้าไม่ชอบแนวกิจกรรมแบบนี้ อาจจะรู้สึกว่ายากและไม่สนุกเท่าไหร่,2025-02-02,SEC8
118,80303520,3,ถือว่าโอเค เหมาะกับคนที่อยากลองอะไรใหม่ ๆ ไม่ยากแต่ต้องตั้งใจ,2025-06-05,SEC5
119,80303520,5,เป็นวิชาที่ช่วยให้เห็นคุณค่าของการฝึกฝนและมีวินัยกับร่างกาย,2025-07-11,SEC3
120,80303521,4,,2025-07-21,SEC4
121,80303509,5,แนะนำมาก สนุกและได้ทั้งความรู้กับสุขภาพ ใครลังเลให้ลองเลย,2025-08-09,SEC2
122,80303509,3,ถือว่าโอเค เหมาะกับคนที่อยากลองอะไรใหม่ ๆ ไม่ยากแต่ต้องตั้งใจ,2025-08-16,SEC4
123,80303510,5,,2025-02-03,SEC6
124,80303510,3,ถือว่าโอเค เหมาะกับคนที่อยากลองอะไรใหม่ ๆ ไม่ยากแต่ต้องตั้งใจ,2025-02-18,SEC4
125,80303513,4,,2025-05-07,SEC2
126,80303514,5,สอนดีมาก สนุกและเป็นกันเอง ถ้าอยากมีแรงบันดาลใจเรื่องสุขภาพ ต้องลองวิชานี้,2025-02-05,SEC6
127,80303522,4,เหมาะกับคนที่อยากพัฒนาตัวเอง สนุกและได้ออกกำลังกายไปในตัว,2025-07-02,SEC4
128,80303522,3,เนื้อหากลาง ๆ สนุกบางช่วง ถ้าได้เพื่อนกลุ่มดีจะสนุกมาก,2025-08-13,SEC2
129,80303523,3,สอนละเอียดดีแต่ต้องมีพื้นฐานบ้างถึงจะเข้าใจได้เร็ว,2025-03-14,SEC5
130,80303523,2,แนะนำเลย,2025-05-17,SEC9
131,80303524,3,ไม่แนะนำ,2025-06-02,SEC10
132,80303524,4,งงๆ,2025-02-22,SEC7
133,80303525,4,เรียนแล้วเอาไปใช้ในชีวิตประจำวันได้จริง โดยเฉพาะสายเทคโนโลยี,2025-08-11,SEC4
134,80303525,2,เหมาะกับคนชอบเรียนรู้ด้วยตัวเอง เพราะอาจารย์ให้ฝึกทำเยอะมาก,2025-02-15,SEC3
135,10123801,3,,2025-08-18,SEC6
136,10123802,5,ตอนแรกคิดว่ายากแต่พอเรียนจริงก็ไม่ได้น่ากลัวอย่างที่คิด,2025-06-17,SEC2
137,10123803,4,สอนละเอียดดีแต่ต้องมีพื้นฐานบ้างถึงจะเข้าใจได้เร็ว,2025-06-13,SEC9
138,10123803,4,,2025-03-26,SEC4
139,10313528,1,,2025-02-13,SEC1
140,10313528,4,,2025-08-04,SEC5
141,20003101,2,เหมาะกับคนชอบเรียนรู้ด้วยตัวเอง เพราะอาจารย์ให้ฝึกทำเยอะมาก,2025-06-18,SEC4
142,20003101,4,,2025-08-08,SEC6
143,20003102,3,เรียนเพลิน,2025-06-15,SEC4
144,20003102,5,,2025-03-22,SEC1
145,20003103,3,,2025-06-15,SEC5
146,20003104,5,งงๆ,2025-06-08,SEC4
147,20003105,3,ถ้าใครพื้นฐานไม่แน่นแนะนำให้ทบทวนก่อนเรียน ไม่งั้นจะหลงทางตอนกลางคอร์ส,2025-07-08,SEC6
148,20003105,3,สอนละเอียดดีแต่ต้องมีพื้นฐานบ้างถึงจะเข้าใจได้เร็ว,2025-06-02,SEC8
149,30113206,5,เนื้อหาทันสมัย มีการอัปเดตทุกปีตามเทรนด์ใหม่ๆ ของสายอาชีพ,2025-02-09,SEC4
150,30113206,4,สรุปคือดี แต่ควรอ่านล่วงหน้าก่อนทุกครั้งเพื่อไม่ให้ตามไม่ทัน,2025-07-17,SEC1
151,40113005,5,,2025-02-20,SEC2
152,40203100,4,สุดยอด,2025-08-08,SEC9
153,40203103,4,แนะนำเลย,2025-07-10,SEC9
154,40313016,5,,2025-06-05,SEC8
155,40313017,5,,2025-07-10,SEC5
156,40313017,2,ยากแต่ดี,2025-08-25,SEC3
157,40313018,5,ตอนแรกเบื่อแต่พอเข้าใจเนื้อหาก็รู้สึกว่ามันมีประโยชน์มาก,2025-07-16,SEC4
158,40313018,3,ยากจัง,2025-05-22,SEC2
159,40313019,4,ดีมาก,2025-02-09,SEC4
160,40503001,4,ธรรมดา,2025-06-20,SEC6
161,40503080,3,ถ้าใครไม่ค่อยชอบวิชาทฤษฎี แนะนำให้อ่านล่วงหน้า เพราะอาจจะงงช่วงท้ายๆ,2025-02-26,SEC4
162,40503080,3,ธรรมดา,2025-02-07,SEC2
163,40603003,3,ให้อ่านเพิ่มเอง,2025-06-16,SEC6
164,40603005,1,,2025-08-23,SEC4
165,40603005,4,อาจารย์ให้มองโลกกว้างขึ้นมาก เรียนแล้วรู้สึกมีมุมมองใหม่ต่อชีวิต,2025-06-02,SEC2
166,50113405,4,เข้าใจคำว่าความรับผิดชอบต่อสังคมมากขึ้นจากวิชานี้,2025-05-10,SEC5
167,61100002,3,สอนดีมาก เข้าใจง่าย เหมาะกับทั้งสายเทคและสายศิลป์,2025-05-12,SEC9
168,61100002,3,อาจารย์ให้ทำเคสจริง สนุกและท้าทาย ไม่ใช่แค่อ่านทฤษฎี,2025-04-21,SEC10
169,80203916,5,,2025-02-15,SEC7
170,80203916,5,,2025-05-20,SEC4
171,80203916b,0,สนุกดี,2025-07-15,SEC3
172,80203916b,4,สุดยอด,2025-07-02,SEC6
173,80203917,5,คอร์สนี้ช่วยให้เข้าใจเรื่องจริยธรรมในสายอาชีพจริงๆ ไม่ใช่แค่จำกฎ,2025-07-04,SEC7
174,80203919,3,เนื้อหาแน่น,2025-06-23,SEC4
175,80203919,4,,2025-08-01,SEC2
176,80203921,5,,2025-05-26,SEC5
177,80303801,5,เหมาะกับคนที่อยากรู้จักตัวเองและพัฒนา soft skills ในที่ทำงาน,2025-08-22,SEC9
178,80303801,5,งงๆ,2025-02-09,SEC10
179,80303802,4,ถ้าใครสนใจการเงินส่วนบุคคล วิชานี้ช่วยได้มากในการวางแผนชีวิต,2025-04-07,SEC7
180,80303804,5,เรียนแล้วเข้าใจว่าทำไมเราควรคิดอย่างเป็นระบบก่อนแก้ปัญหา,2025-03-24,SEC4
181,80303804,4,,2025-06-04,SEC3
182,10013821,4,เรียนแล้วได้เปิดมุมมองใหม่เกี่ยวกับการตัดสินใจในชีวิตและการทำงาน,2025-08-26,SEC6
183,10213702,4,ใครสายธุรกิจจะชอบมาก ได้ฝึกวางแผนและจำลองสถานการณ์เหมือนจริง,2025-05-15,SEC7
184,10213702,4,,2025-02-14,SEC5
185,20003123,1,เฉียบ!,2025-02-14,SEC5
186,30953115,5,เยี่ยม,2025-07-26,SEC5
187,30953115,3,งงๆ,2025-08-17,SEC10
188,40413001,4,อาจารย์ใจดีมาก แต่ต้องส่งงานตรงเวลา งานเยอะพอสมควร,2025-07-09,SEC2
189,40413001,5,สอนดีมาก เข้าใจง่าย เหมาะกับทั้งสายเทคและสายศิลป์,2025-02-08,SEC7
190,40423001,4,ได้ฝึกคิดเชิงวิเคราะห์จริงๆ ตอนทำแบบฝึกหัดรู้เลยว่ามันฝึกสมองดี,2025-05-15,SEC1
191,40423001,3,เนื้อหาแน่น,2025-06-22,SEC4
192,40423002,5,ได้ทำกิจกรรมร่วมกับเพื่อนเยอะ บรรยากาศดีมาก เหมาะกับคนชอบลงมือทำ,2025-02-25,SEC10
193,40423002,4,,2025-02-12,SEC2
194,40433001,5,เนื้อหาเกี่ยวกับอาหารและสุขภาพเหมาะกับทุกคน เข้าใจง่ายแม้ไม่มีพื้นฐานมาก่อน,2025-04-25,SEC8
195,40433002,4,ได้ทำผลิตภัณฑ์จากธรรมชาติเอง สนุกและภูมิใจมาก เหมือนเรียนแลปแต่ไม่เครียด,2025-04-21,SEC9
196,40433002,5,,2025-08-25,SEC2
197,40713001,4,,2025-06-01,SEC7
198,40713001,3,อาจารย์สอนดี มีสไลด์ชัดเจน และชวนให้คิดวิเคราะห์ ไม่ใช่แค่ฟังเฉยๆ,2025-07-04,SEC9
199,40713002,3,ใครชอบวิชาแนววิเคราะห์ปัญหาสังคม วิชานี้ตอบโจทย์มาก,2025-02-14,SEC9
200,40713002,4,เรียนแล้วเริ่มใส่ใจสิ่งแวดล้อมในชีวิตจริงมากขึ้น เช่น แยกขยะหรือปลูกต้นไม้เอง,2025-07-05,SEC5
201,40713003,4,,2025-08-09,SEC1
202,40713003,5,เหมาะกับคนที่สนใจสุขภาพและสิ่งแวดล้อม เป็นวิชาที่เรียนแล้วรู้สึกมีคุณค่า,2025-02-22,SEC4
203,40703005,3,,2025-04-02,SEC1
204,40713006,4,อาจารย์ใจดีแต่เข้มงวดเรื่องงาน ใครไม่ส่งทันคือหักจริง แต่เรียนแล้วคุ้ม,2025-04-16,SEC7
205,40713006,1,ตอนแรกคิดว่าจะน่าเบื่อแต่พอเรียนจริงกลับสนุก อาจารย์พูดเป็นกันเองมาก,2025-02-18,SEC8
206,40713007,3,อาจารย์ใจดีแต่เข้มงวดเรื่องงาน ใครไม่ส่งทันคือหักจริง แต่เรียนแล้วคุ้ม,2025-02-01,SEC5
207,40713007,1,ชอบวิชานี้มากเพราะได้ทั้งความรู้และแรงบันดาลใจในการดูแลสุขภาพ,2025-08-11,SEC2
208,40713008,5,เนื้อหาเกี่ยวกับอาหารและสุขภาพเหมาะกับทุกคน เข้าใจง่ายแม้ไม่มีพื้นฐานมาก่อน,2025-08-02,SEC10
209,40713008,5,,2025-02-04,SEC1
210,40713009,1,มีงานเยอะนิดหน่อยแต่ทุกอย่างเชื่อมโยงกันดีมาก ไม่เสียเวลาเลย,2025-02-27,SEC7
211,40713009,4,อาจารย์สอนดี มีสไลด์ชัดเจน และชวนให้คิดวิเคราะห์ ไม่ใช่แค่ฟังเฉยๆ,2025-05-09,SEC10
212,50113401,4,อาจารย์สอนดีมาก โดยเฉพาะเรื่องสมุนไพรและการใช้ในชีวิตจริง,2025-07-01,SEC9
213,50113401,4,,2025-06-07,SEC7
214,50113402,3,,2025-03-23,SEC1
215,50113404,2,เหมาะกับคนที่อยากเรียนแนวผ่อนคลายแต่ได้สาระ สุขภาพและสิ่งแวดล้อมเชื่อมกันดีมาก,2025-03-01,SEC2
216,80203915,5,ได้ทำผลิตภัณฑ์จากธรรมชาติเอง สนุกและภูมิใจมาก เหมือนเรียนแลปแต่ไม่เครียด,2025-06-15,SEC4
217,80203915,5,เรียนแล้วทำให้เห็นคุณค่าของสิ่งแวดล้อมมากขึ้น ไม่ใช่แค่ทฤษฎีแต่เอาไปใช้ได้จริง,2025-08-15,SEC3
218,80203922,4,,2025-04-09,SEC6
219,80203922,4,วิชานี้เปิดโลกเลย เข้าใจว่าสิ่งเล็กๆ อย่างการกินอาหารส่งผลต่อสิ่งแวดล้อมได้ยังไง,2025-07-14,SEC2
220,80203924,4,ตอนแรกคิดว่าจะน่าเบื่อแต่พอเรียนจริงกลับสนุก อาจารย์พูดเป็นกันเองมาก,2025-03-17,SEC9
221,80203924,5,ดีมาก,2025-05-10,SEC4
222,80303611,5,,2025-02-19,SEC1
223,80303526,2,เนื้อหาทันสมัย มีการพูดถึงปัญหาสิ่งแวดล้อมปัจจุบันเชื่อมกับชีวิตประจำวัน,2025-06-12,SEC5
224,80303526,5,,2025-06-12,SEC4
225,80303527,4,,2025-08-23,SEC6
226,80303527,5,ได้เข้าใจเรื่องระบบนิเวศและผลกระทบของมนุษย์ต่อสิ่งแวดล้อมมากขึ้น,2025-06-04,SEC8
227,80303528,3,ใครไม่เก่งอังกฤษก็เรียนได้ เพราะอาจารย์อธิบายละเอียดมาก,2025-05-01,SEC4
228,60434032,4,อาจารย์พูดเร็วแต่ใจดีมาก ถ้าไม่เข้าใจสามารถถามได้ตลอด,2025-06-12,SEC1
229,60434032,5,ใครไม่เก่งอังกฤษก็เรียนได้ เพราะอาจารย์อธิบายละเอียดมาก,2025-08-01,SEC2
230,80133011,4,อาจารย์สอนดีมาก พูดเร็วแต่มีสาระทุกคำ เนื้อหาช่วยให้พัฒนาได้จริง,2025-07-21,SEC9
231,80133011,4,ชอบกิจกรรมในคลาสมาก ทำให้กล้าแสดงความคิดเห็นมากขึ้น,2025-02-05,SEC9
232,80133012,3,เนื้อหาไม่หนักมาก เรียนได้เพลินๆ แต่ได้อะไรกลับไปเยอะ,2025-04-20,SEC8
233,80133012,5,อาจารย์ใจดีแต่เข้มงวดเรื่องเวลา ต้องเตรียมตัวล่วงหน้าทุกครั้ง,2025-07-03,SEC5
234,70153103,4,วิชานี้ช่วยให้เข้าใจการคิดเป็นระบบมากขึ้น เอาไปใช้ในชีวิตได้จริง,2025-02-24,SEC3
235,70153103,2,ได้ฝึกพูดหน้าชั้นจริงๆ ตอนแรกกลัวแต่พออาจารย์ให้โอกาสก็มั่นใจขึ้นมาก,2025-08-27,SEC4
236,70153104,4,เรียนแล้วเข้าใจเรื่องสิ่งแวดล้อมในองค์กรและความรับผิดชอบต่อสังคมมากขึ้น,2025-03-25,SEC2
237,70153104,4,,2025-02-12,SEC4
238,150013105,3,เรียนแล้วเข้าใจว่า soft skill สำคัญกว่าที่คิดในโลกการทำงาน,2025-02-13,SEC6
239,150013106,4,อาจารย์อารมณ์ดี คลาสไม่เครียดแต่เนื้อหาแน่น ได้ทั้งสาระและความสนุก,2025-06-11,SEC4
240,150013106,5,เรียนแล้วกล้าแสดงออกมากขึ้นกว่าเดิม เหมาะกับคนที่อยากพัฒนา soft skill,2025-07-07,SEC2
241,150013123,4,อาจารย์สอนดีมาก พูดเร็วแต่มีสาระทุกคำ เนื้อหาช่วยให้พัฒนาได้จริง,2025-05-05,SEC5
242,150013123,4,,2025-02-07,SEC9
243,70153813,5,เรียนแล้วรู้สึกว่าเข้าใจระบบการคิดสร้างสรรค์มากขึ้น เอาไปต่อยอดได้จริง,2025-04-11,SEC10
244,70153711,4,,2025-02-10,SEC7
245,70153711,3,เนื้อหาครอบคลุมทั้งการพูด เขียน และการคิดอย่างเป็นระบบ สนุกมาก,2025-07-18,SEC4
246,150013121,5,ธรรมดา,2025-08-19,SEC3
247,150013124,5,ได้ฝึก teamwork และการ present บ่อยมาก ช่วยเพิ่มความมั่นใจสุดๆ,2025-04-24,SEC6
248,150013124,3,,2025-08-06,SEC2
249,150013126,3,เหมาะกับคนที่อยากเป็นผู้ประกอบการ มีทั้งแนวคิดและตัวอย่างธุรกิจจริง,2025-02-19,SEC9
250,150013140,5,,2025-07-14,SEC4
251,70153810,5,วิชานี้ช่วยให้เข้าใจการคิดเป็นระบบมากขึ้น เอาไปใช้ในชีวิตได้จริง,2025-08-13,SEC1
252,70153810,2,เนื้อหาทันสมัยดี แต่งานเยอะไปหน่อย,2025-02-06,SEC5
253,150013125,3,,2025-02-20,SEC4
254,150013125,3,ชอบกิจกรรมในคลาสมาก ทำให้กล้าแสดงความคิดเห็นมากขึ้น,2025-04-04,SEC6
255,150013141,4,ได้ฝึกพูดหน้าชั้นจริงๆ ตอนแรกกลัวแต่พออาจารย์ให้โอกาสก็มั่นใจขึ้นมาก,2025-03-19,SEC8
256,150013142,4,,2025-03-24,SEC4
257,150013142,2,เรียนแล้วได้แรงบันดาลใจในการพัฒนาตัวเองเยอะมาก,2025-08-13,SEC1
258,150013120,4,สุดยอด,2025-07-07,SEC2
259,150013120,5,,2025-08-03,SEC9
260,150013122,3,เฉยๆ สนุกบางคาบ แต่บางคาบเนื้อหาหนักไปหน่อย,2025-05-02,SEC9
261,150013160,4,เหมาะกับคนที่ตั้งใจเรียน จะเข้าใจและได้ประโยชน์มาก,2025-05-27,SEC8
262,150013160,4,,2025-04-08,SEC1
263,150013161,4,,2025-06-17,SEC7
264,150013162,5,,2025-03-11,SEC8
265,150013162,5,,2025-05-14,SEC5
266,150013163,4,,2025-02-26,SEC2
267,150013163,5,อาจารย์ใจดี เนื้อหาทันสมัย นำไปใช้ได้จริงในชีวิตประจำวัน,2025-04-06,SEC10
268,150013164,5,อาจารย์ใจดี เนื้อหาทันสมัย นำไปใช้ได้จริงในชีวิตประจำวัน,2025-08-16,SEC1
269,150013164,5,,2025-04-09,SEC7
270,120113701,4,เหมาะกับคนที่ตั้งใจเรียน จะเข้าใจและได้ประโยชน์มาก,2025-05-11,SEC10
271,120113701,5,อาจารย์ใจดี เนื้อหาทันสมัย นำไปใช้ได้จริงในชีวิตประจำวัน,2025-02-19,SEC9
272,120113702,5,,2025-03-19,SEC7
273,120113703,4,ได้ฝึกทำจริง สนุกแต่ต้องใช้เวลาเตรียมเยอะ,2025-04-02,SEC1
274,120113703,2,,2025-08-08,SEC2
275,130013002,3,เฉยๆ สนุกบางคาบ แต่บางคาบเนื้อหาหนักไปหน่อย,2025-04-06,SEC4
276,130013002,4,ได้ฝึกทำจริง สนุกแต่ต้องใช้เวลาเตรียมเยอะ,2025-02-25,SEC3
277,130013003,5,เฉยๆ,2025-03-13,SEC6
278,130013003,4,เหมาะกับคนที่ตั้งใจเรียน จะเข้าใจและได้ประโยชน์มาก,2025-08-25,SEC2
279,130013005,4,,2025-05-01,SEC9
280,130013006,5,,2025-08-21,SEC4
281,130013006,4,เหมาะกับคนที่ตั้งใจเรียน จะเข้าใจและได้ประโยชน์มาก,2025-06-01,SEC1
282,130013007,5,อาจารย์ใจดี เนื้อหาทันสมัย นำไปใช้ได้จริงในชีวิตประจำวัน,2025-03-26,SEC5
283,130013007,5,,2025-07-18,SEC4
284,130013008,5,อาจารย์ใจดี เนื้อหาทันสมัย นำไปใช้ได้จริงในชีวิตประจำวัน,2025-02-11,SEC6
285,130013008,5,อาจารย์ใจดี เนื้อหาทันสมัย นำไปใช้ได้จริงในชีวิตประจำวัน,2025-03-09,SEC8
286,130013010,4,ได้ฝึกทำจริง สนุกแต่ต้องใช้เวลาเตรียมเยอะ,2025-04-03,SEC4
287,130013010,3,เหมาะกับคนที่มีพื้นฐานบ้าง ไม่งั้นอาจตามไม่ทัน,2025-02-11,SEC1
288,130013011,1,,2025-04-27,SEC2
289,130013011,4,,2025-06-26,SEC9
290,130013012,4,ดีมาก,2025-04-12,SEC9
291,130013012,4,,2025-03-02,SEC8
292,130013013,4,ได้ฝึกทำจริง สนุกแต่ต้องใช้เวลาเตรียมเยอะ,2025-08-04,SEC5
293,130013013,4,,2025-03-17,SEC3
294,130013019,4,ได้ฝึกทำจริง สนุกแต่ต้องใช้เวลาเตรียมเยอะ,2025-03-24,SEC4
295,130013019,4,,2025-05-25,SEC2
296,140813901,2,ดีมาก,2025-02-05,SEC4
297,140813901,3,,2025-05-15,SEC6
298,120313701,4,อาจารย์สอนดี เข้าใจง่าย แต่การบ้านเยอะไปนิด,2025-02-18,SEC4
299,120313701,4,ดีเฉย,2025-02-09,SEC2
300,120513158,3,,2025-08-01,SEC5
301,120513158,4,เหมาะกับคนที่ตั้งใจเรียน จะเข้าใจและได้ประโยชน์มาก,2025-06-15,SEC9
